ano,codigo_ibge,municipio,populacao,pop_interpolada
2015,2600054,Abreu e Lima,98602,False
2016,2600054,Abreu e Lima,98990,False
2017,2600054,Abreu e Lima,99364,False
2018,2600054,Abreu e Lima,99622,False
2019,2600054,Abreu e Lima,99990,False
2020,2600054,Abreu e Lima,100346,False
2021,2600054,Abreu e Lima,100698,False
2022,2600054,Abreu e Lima,101780,True
2023,2600054,Abreu e Lima,102863,True
2024,2600054,Abreu e Lima,103945,False
2015,2600104,Afogados da Ingazeira,36709,False
2016,2600104,Afogados da Ingazeira,36866,False
2017,2600104,Afogados da Ingazeira,37017,False
2018,2600104,Afogados da Ingazeira,37111,False
2019,2600104,Afogados da Ingazeira,37259,False
2020,2600104,Afogados da Ingazeira,37404,False
2021,2600104,Afogados da Ingazeira,37546,False
2022,2600104,Afogados da Ingazeira,39166,True
2023,2600104,Afogados da Ingazeira,40787,True
2024,2600104,Afogados da Ingazeira,42407,False
2015,2600203,Afrânio,19031,False
2016,2600203,Afrânio,19225,False
2017,2600203,Afrânio,19411,False
2018,2600203,Afrânio,19456,False
2019,2600203,Afrânio,19635,False
2020,2600203,Afrânio,19810,False
2021,2600203,Afrânio,19981,False
2022,2600203,Afrânio,19770,True
2023,2600203,Afrânio,19560,True
2024,2600203,Afrânio,19349,False
2015,2600302,Agrestina,24256,False
2016,2600302,Agrestina,24454,False
2017,2600302,Agrestina,24644,False
2018,2600302,Agrestina,24702,False
2019,2600302,Agrestina,24885,False
2020,2600302,Agrestina,25065,False
2021,2600302,Agrestina,25240,False
2022,2600302,Agrestina,25032,True
2023,2600302,Agrestina,24823,True
2024,2600302,Agrestina,24615,False
2015,2600609,Alagoinha,14341,False
2016,2600609,Alagoinha,14431,False
2017,2600609,Alagoinha,14517,False
2018,2600609,Alagoinha,14554,False
2019,2600609,Alagoinha,14636,False
2020,2600609,Alagoinha,14718,False
2021,2600609,Alagoinha,14798,False
2022,2600609,Alagoinha,14650,True
2023,2600609,Alagoinha,14503,True
2024,2600609,Alagoinha,14355,False
2015,2600708,Aliança,38255,False
2016,2600708,Aliança,38261,False
2017,2600708,Aliança,38267,False
2018,2600708,Aliança,38375,False
2019,2600708,Aliança,38386,False
2020,2600708,Aliança,38397,False
2021,2600708,Aliança,38408,False
2022,2600708,Aliança,38063,True
2023,2600708,Aliança,37717,True
2024,2600708,Aliança,37372,False
2015,2600807,Altinho,22876,False
2016,2600807,Altinho,22886,False
2017,2600807,Altinho,22896,False
2018,2600807,Altinho,22959,False
2019,2600807,Altinho,22972,False
2020,2600807,Altinho,22984,False
2021,2600807,Altinho,22996,False
2022,2600807,Altinho,22392,True
2023,2600807,Altinho,21789,True
2024,2600807,Altinho,21185,False
2015,2600906,Amaraji,22643,False
2016,2600906,Amaraji,22685,False
2017,2600906,Amaraji,22726,False
2018,2600906,Amaraji,22788,False
2019,2600906,Amaraji,22829,False
2020,2600906,Amaraji,22870,False
2021,2600906,Amaraji,22910,False
2022,2600906,Amaraji,21430,True
2023,2600906,Amaraji,19951,True
2024,2600906,Amaraji,18471,False
2015,2601003,Angelim,10882,False
2016,2601003,Angelim,10965,False
2017,2601003,Angelim,11045,False
2018,2601003,Angelim,11072,False
2019,2601003,Angelim,11150,False
2020,2601003,Angelim,11226,False
2021,2601003,Angelim,11301,False
2022,2601003,Angelim,11061,True
2023,2601003,Angelim,10820,True
2024,2601003,Angelim,10580,False
2015,2601102,Araripina,82800,False
2016,2601102,Araripina,83287,False
2017,2601102,Araripina,83757,False
2018,2601102,Araripina,83964,False
2019,2601102,Araripina,84418,False
2020,2601102,Araripina,84864,False
2021,2601102,Araripina,85301,False
2022,2601102,Araripina,86902,True
2023,2601102,Araripina,88503,True
2024,2601102,Araripina,90104,False
2015,2601052,Araçoiaba,19816,False
2016,2601052,Araçoiaba,20046,False
2017,2601052,Araçoiaba,20268,False
2018,2601052,Araçoiaba,20312,False
2019,2601052,Araçoiaba,20524,False
2020,2601052,Araçoiaba,20733,False
2021,2601052,Araçoiaba,20936,False
2022,2601052,Araçoiaba,20603,True
2023,2601052,Araçoiaba,20269,True
2024,2601052,Araçoiaba,19936,False
2015,2601201,Arcoverde,72625,False
2016,2601201,Arcoverde,73154,False
2017,2601201,Arcoverde,73667,False
2018,2601201,Arcoverde,73844,False
2019,2601201,Arcoverde,74338,False
2020,2601201,Arcoverde,74822,False
2021,2601201,Arcoverde,75295,False
2022,2601201,Arcoverde,77531,True
2023,2601201,Arcoverde,79767,True
2024,2601201,Arcoverde,82003,False
2015,2601300,Barra de Guabiraba,13953,False
2016,2601300,Barra de Guabiraba,14091,False
2017,2601300,Barra de Guabiraba,14224,False
2018,2601300,Barra de Guabiraba,14257,False
2019,2601300,Barra de Guabiraba,14385,False
2020,2601300,Barra de Guabiraba,14510,False
2021,2601300,Barra de Guabiraba,14632,False
2022,2601300,Barra de Guabiraba,13960,True
2023,2601300,Barra de Guabiraba,13288,True
2024,2601300,Barra de Guabiraba,12616,False
2015,2601409,Barreiros,42220,False
2016,2601409,Barreiros,42331,False
2017,2601409,Barreiros,42438,False
2018,2601409,Barreiros,42552,False
2019,2601409,Barreiros,42659,False
2020,2601409,Barreiros,42764,False
2021,2601409,Barreiros,42866,False
2022,2601409,Barreiros,42596,True
2023,2601409,Barreiros,42326,True
2024,2601409,Barreiros,42056,False
2015,2601706,Belo Jardim,75462,False
2016,2601706,Belo Jardim,75729,False
2017,2601706,Belo Jardim,75986,False
2018,2601706,Belo Jardim,76185,False
2019,2601706,Belo Jardim,76439,False
2020,2601706,Belo Jardim,76687,False
2021,2601706,Belo Jardim,76930,False
2022,2601706,Belo Jardim,79169,True
2023,2601706,Belo Jardim,81408,True
2024,2601706,Belo Jardim,83647,False
2015,2601508,Belém de Maria,11888,False
2016,2601508,Belém de Maria,11941,False
2017,2601508,Belém de Maria,11992,False
2018,2601508,Belém de Maria,12023,False
2019,2601508,Belém de Maria,12073,False
2020,2601508,Belém de Maria,12122,False
2021,2601508,Belém de Maria,12169,False
2022,2601508,Belém de Maria,11722,True
2023,2601508,Belém de Maria,11276,True
2024,2601508,Belém de Maria,10829,False
2015,2601607,Belém do São Francisco,20675,False
2016,2601607,Belém do São Francisco,20672,False
2017,2601607,Belém do São Francisco,20670,False
2018,2601607,Belém do São Francisco,20728,False
2019,2601607,Belém do São Francisco,20729,False
2020,2601607,Belém do São Francisco,20730,False
2021,2601607,Belém do São Francisco,20730,False
2022,2601607,Belém do São Francisco,20058,True
2023,2601607,Belém do São Francisco,19385,True
2024,2601607,Belém do São Francisco,18713,False
2015,2601805,Betânia,12539,False
2016,2601805,Betânia,12589,False
2017,2601805,Betânia,12637,False
2018,2601805,Betânia,12671,False
2019,2601805,Betânia,12719,False
2020,2601805,Betânia,12765,False
2021,2601805,Betânia,12811,False
2022,2601805,Betânia,12534,True
2023,2601805,Betânia,12258,True
2024,2601805,Betânia,11981,False
2015,2601904,Bezerros,60386,False
2016,2601904,Bezerros,60469,False
2017,2601904,Bezerros,60549,False
2018,2601904,Bezerros,60714,False
2019,2601904,Bezerros,60798,False
2020,2601904,Bezerros,60880,False
2021,2601904,Bezerros,60960,False
2022,2601904,Bezerros,62243,True
2023,2601904,Bezerros,63526,True
2024,2601904,Bezerros,64809,False
2015,2602001,Bodocó,37317,False
2016,2602001,Bodocó,37571,False
2017,2602001,Bodocó,37816,False
2018,2602001,Bodocó,37909,False
2019,2602001,Bodocó,38146,False
2020,2602001,Bodocó,38378,False
2021,2602001,Bodocó,38605,False
2022,2602001,Bodocó,37780,True
2023,2602001,Bodocó,36954,True
2024,2602001,Bodocó,36129,False
2015,2602100,Bom Conselho,47760,False
2016,2602100,Bom Conselho,47991,False
2017,2602100,Bom Conselho,48214,False
2018,2602100,Bom Conselho,48336,False
2019,2602100,Bom Conselho,48554,False
2020,2602100,Bom Conselho,48767,False
2021,2602100,Bom Conselho,48975,False
2022,2602100,Bom Conselho,48047,True
2023,2602100,Bom Conselho,47120,True
2024,2602100,Bom Conselho,46192,False
2015,2602209,Bom Jardim,38924,False
2016,2602209,Bom Jardim,38976,False
2017,2602209,Bom Jardim,39025,False
2018,2602209,Bom Jardim,39132,False
2019,2602209,Bom Jardim,39184,False
2020,2602209,Bom Jardim,39983,False
2021,2602209,Bom Jardim,40038,False
2022,2602209,Bom Jardim,39785,True
2023,2602209,Bom Jardim,39531,True
2024,2602209,Bom Jardim,39278,False
2015,2602308,Bonito,38094,False
2016,2602308,Bonito,38069,False
2017,2602308,Bonito,38044,False
2018,2602308,Bonito,38152,False
2019,2602308,Bonito,38134,False
2020,2602308,Bonito,38117,False
2021,2602308,Bonito,38101,False
2022,2602308,Bonito,38455,True
2023,2602308,Bonito,38809,True
2024,2602308,Bonito,39163,False
2015,2602506,Brejinho,7464,False
2016,2602506,Brejinho,7464,False
2017,2602506,Brejinho,7465,False
2018,2602506,Brejinho,7486,False
2019,2602506,Brejinho,7487,False
2020,2602506,Brejinho,7488,False
2021,2602506,Brejinho,7489,False
2022,2602506,Brejinho,7663,True
2023,2602506,Brejinho,7836,True
2024,2602506,Brejinho,8010,False
2015,2602605,Brejo da Madre de Deus,49092,False
2016,2602605,Brejo da Madre de Deus,49624,False
2017,2602605,Brejo da Madre de Deus,50138,False
2018,2602605,Brejo da Madre de Deus,50249,False
2019,2602605,Brejo da Madre de Deus,50742,False
2020,2602605,Brejo da Madre de Deus,51225,False
2021,2602605,Brejo da Madre de Deus,51696,False
2022,2602605,Brejo da Madre de Deus,51500,True
2023,2602605,Brejo da Madre de Deus,51303,True
2024,2602605,Brejo da Madre de Deus,51107,False
2015,2602407,Brejão,8989,False
2016,2602407,Brejão,8980,False
2017,2602407,Brejão,8973,False
2018,2602407,Brejão,8999,False
2019,2602407,Brejão,8993,False
2020,2602407,Brejão,8987,False
2021,2602407,Brejão,8981,False
2022,2602407,Brejão,9120,True
2023,2602407,Brejão,9260,True
2024,2602407,Brejão,9399,False
2015,2602704,Buenos Aires,13012,False
2016,2602704,Buenos Aires,13050,False
2017,2602704,Buenos Aires,13085,False
2018,2602704,Buenos Aires,13119,False
2019,2602704,Buenos Aires,13155,False
2020,2602704,Buenos Aires,13190,False
2021,2602704,Buenos Aires,13224,False
2022,2602704,Buenos Aires,13234,True
2023,2602704,Buenos Aires,13244,True
2024,2602704,Buenos Aires,13254,False
2015,2602803,Buíque,56523,False
2016,2602803,Buíque,57120,False
2017,2602803,Buíque,57696,False
2018,2602803,Buíque,57825,False
2019,2602803,Buíque,58378,False
2020,2602803,Buíque,58919,False
2021,2602803,Buíque,59448,False
2022,2602803,Buíque,57774,True
2023,2602803,Buíque,56099,True
2024,2602803,Buíque,54425,False
2015,2602902,Cabo de Santo Agostinho,200546,False
2016,2602902,Cabo de Santo Agostinho,202636,False
2017,2602902,Cabo de Santo Agostinho,204653,False
2018,2602902,Cabo de Santo Agostinho,205112,False
2019,2602902,Cabo de Santo Agostinho,207048,False
2020,2602902,Cabo de Santo Agostinho,208944,False
2021,2602902,Cabo de Santo Agostinho,210796,False
2022,2602902,Cabo de Santo Agostinho,212854,True
2023,2602902,Cabo de Santo Agostinho,214911,True
2024,2602902,Cabo de Santo Agostinho,216969,False
2015,2603009,Cabrobó,33247,False
2016,2603009,Cabrobó,33557,False
2017,2603009,Cabrobó,33856,False
2018,2603009,Cabrobó,33934,False
2019,2603009,Cabrobó,34221,False
2020,2603009,Cabrobó,34503,False
2021,2603009,Cabrobó,34778,False
2022,2603009,Cabrobó,33767,True
2023,2603009,Cabrobó,32757,True
2024,2603009,Cabrobó,31746,False
2015,2603108,Cachoeirinha,19951,False
2016,2603108,Cachoeirinha,20082,False
2017,2603108,Cachoeirinha,20209,False
2018,2603108,Cachoeirinha,20258,False
2019,2603108,Cachoeirinha,20380,False
2020,2603108,Cachoeirinha,20501,False
2021,2603108,Cachoeirinha,20618,False
2022,2603108,Cachoeirinha,20616,True
2023,2603108,Cachoeirinha,20614,True
2024,2603108,Cachoeirinha,20612,False
2015,2603207,Caetés,28145,False
2016,2603207,Caetés,28326,False
2017,2603207,Caetés,28500,False
2018,2603207,Caetés,28570,False
2019,2603207,Caetés,28739,False
2020,2603207,Caetés,28904,False
2021,2603207,Caetés,29065,False
2022,2603207,Caetés,29524,True
2023,2603207,Caetés,29982,True
2024,2603207,Caetés,30441,False
2015,2603405,Calumbi,5745,False
2016,2603405,Calumbi,5741,False
2017,2603405,Calumbi,5736,False
2018,2603405,Calumbi,5753,False
2019,2603405,Calumbi,5750,False
2020,2603405,Calumbi,5747,False
2021,2603405,Calumbi,5744,False
2022,2603405,Calumbi,5618,True
2023,2603405,Calumbi,5493,True
2024,2603405,Calumbi,5367,False
2015,2603306,Calçado,11136,False
2016,2603306,Calçado,11094,False
2017,2603306,Calçado,11055,False
2018,2603306,Calçado,11089,False
2019,2603306,Calçado,11053,False
2020,2603306,Calçado,11018,False
2021,2603306,Calçado,10983,False
2022,2603306,Calçado,11137,True
2023,2603306,Calçado,11291,True
2024,2603306,Calçado,11445,False
2015,2603454,Camaragibe,154054,False
2016,2603454,Camaragibe,155228,False
2017,2603454,Camaragibe,156361,False
2018,2603454,Camaragibe,156736,False
2019,2603454,Camaragibe,157828,False
2020,2603454,Camaragibe,158899,False
2021,2603454,Camaragibe,159945,False
2022,2603454,Camaragibe,158554,True
2023,2603454,Camaragibe,157162,True
2024,2603454,Camaragibe,155771,False
2015,2603504,Camocim de São Félix,18292,False
2016,2603504,Camocim de São Félix,18440,False
2017,2603504,Camocim de São Félix,18583,False
2018,2603504,Camocim de São Félix,18627,False
2019,2603504,Camocim de São Félix,18765,False
2020,2603504,Camocim de São Félix,18900,False
2021,2603504,Camocim de São Félix,19032,False
2022,2603504,Camocim de São Félix,18685,True
2023,2603504,Camocim de São Félix,18338,True
2024,2603504,Camocim de São Félix,17991,False
2015,2603603,Camutanga,8450,False
2016,2603603,Camutanga,8472,False
2017,2603603,Camutanga,8493,False
2018,2603603,Camutanga,8530,False
2019,2603603,Camutanga,8551,False
2020,2603603,Camutanga,8572,False
2021,2603603,Camutanga,8592,False
2022,2603603,Camutanga,8385,True
2023,2603603,Camutanga,8179,True
2024,2603603,Camutanga,7972,False
2015,2603702,Canhotinho,24837,False
2016,2603702,Canhotinho,24799,False
2017,2603702,Canhotinho,24762,False
2018,2603702,Canhotinho,24835,False
2019,2603702,Canhotinho,24804,False
2020,2603702,Canhotinho,24773,False
2021,2603702,Canhotinho,24743,False
2022,2603702,Canhotinho,24859,True
2023,2603702,Canhotinho,24974,True
2024,2603702,Canhotinho,25090,False
2015,2603801,Capoeiras,19997,False
2016,2603801,Capoeiras,19994,False
2017,2603801,Capoeiras,19991,False
2018,2603801,Capoeiras,20048,False
2019,2603801,Capoeiras,20048,False
2020,2603801,Capoeiras,20048,False
2021,2603801,Capoeiras,20048,False
2022,2603801,Capoeiras,19662,True
2023,2603801,Capoeiras,19276,True
2024,2603801,Capoeiras,18890,False
2015,2603926,Carnaubeira da Penha,12603,False
2016,2603926,Carnaubeira da Penha,12706,False
2017,2603926,Carnaubeira da Penha,12805,False
2018,2603926,Carnaubeira da Penha,12836,False
2019,2603926,Carnaubeira da Penha,12932,False
2020,2603926,Carnaubeira da Penha,13025,False
2021,2603926,Carnaubeira da Penha,13117,False
2022,2603926,Carnaubeira da Penha,12972,True
2023,2603926,Carnaubeira da Penha,12827,True
2024,2603926,Carnaubeira da Penha,12682,False
2015,2603900,Carnaíba,19318,False
2016,2603900,Carnaíba,19380,False
2017,2603900,Carnaíba,19440,False
2018,2603900,Carnaíba,19491,False
2019,2603900,Carnaíba,19551,False
2020,2603900,Carnaíba,19609,False
2021,2603900,Carnaíba,19666,False
2022,2603900,Carnaíba,19615,True
2023,2603900,Carnaíba,19564,True
2024,2603900,Carnaíba,19513,False
2015,2604007,Carpina,81054,False
2016,2604007,Carpina,81884,False
2017,2604007,Carpina,82685,False
2018,2604007,Carpina,82872,False
2019,2604007,Carpina,83641,False
2020,2604007,Carpina,84395,False
2021,2604007,Carpina,85131,False
2022,2604007,Carpina,84489,True
2023,2604007,Carpina,83847,True
2024,2604007,Carpina,83205,False
2015,2604106,Caruaru,347088,False
2016,2604106,Caruaru,351686,False
2017,2604106,Caruaru,356128,False
2018,2604106,Caruaru,356872,False
2019,2604106,Caruaru,361118,False
2020,2604106,Caruaru,365278,False
2021,2604106,Caruaru,369343,False
2022,2604106,Caruaru,380325,True
2023,2604106,Caruaru,391308,True
2024,2604106,Caruaru,402290,False
2015,2604155,Casinhas,14219,False
2016,2604155,Casinhas,14247,False
2017,2604155,Casinhas,14274,False
2018,2604155,Casinhas,14313,False
2019,2604155,Casinhas,14341,False
2020,2604155,Casinhas,14368,False
2021,2604155,Casinhas,14395,False
2022,2604155,Casinhas,14093,True
2023,2604155,Casinhas,13791,True
2024,2604155,Casinhas,13489,False
2015,2604205,Catende,41369,False
2016,2604205,Catende,41865,False
2017,2604205,Catende,42343,False
2018,2604205,Catende,42434,False
2019,2604205,Catende,42892,False
2020,2604205,Catende,43340,False
2021,2604205,Catende,43778,False
2022,2604205,Catende,40278,True
2023,2604205,Catende,36779,True
2024,2604205,Catende,33279,False
2015,2604304,Cedro,11515,False
2016,2604304,Cedro,11607,False
2017,2604304,Cedro,11695,False
2018,2604304,Cedro,11722,False
2019,2604304,Cedro,11807,False
2020,2604304,Cedro,11891,False
2021,2604304,Cedro,11972,False
2022,2604304,Cedro,11596,True
2023,2604304,Cedro,11221,True
2024,2604304,Cedro,10845,False
2015,2604502,Chã Grande,21274,False
2016,2604502,Chã Grande,21402,False
2017,2604502,Chã Grande,21525,False
2018,2604502,Chã Grande,21579,False
2019,2604502,Chã Grande,21698,False
2020,2604502,Chã Grande,21815,False
2021,2604502,Chã Grande,21929,False
2022,2604502,Chã Grande,21694,True
2023,2604502,Chã Grande,21459,True
2024,2604502,Chã Grande,21224,False
2015,2604403,Chã de Alegria,13206,False
2016,2604403,Chã de Alegria,13302,False
2017,2604403,Chã de Alegria,13396,False
2018,2604403,Chã de Alegria,13428,False
2019,2604403,Chã de Alegria,13518,False
2020,2604403,Chã de Alegria,13556,False
2021,2604403,Chã de Alegria,13641,False
2022,2604403,Chã de Alegria,13581,True
2023,2604403,Chã de Alegria,13521,True
2024,2604403,Chã de Alegria,13461,False
2015,2604601,Condado,25823,False
2016,2604601,Condado,26008,False
2017,2604601,Condado,26186,False
2018,2604601,Condado,26249,False
2019,2604601,Condado,26421,False
2020,2604601,Condado,26590,False
2021,2604601,Condado,26755,False
2022,2604601,Condado,26298,True
2023,2604601,Condado,25840,True
2024,2604601,Condado,25383,False
2015,2604700,Correntes,17968,False
2016,2604700,Correntes,18033,False
2017,2604700,Correntes,18098,False
2018,2604700,Correntes,18144,False
2019,2604700,Correntes,18207,False
2020,2604700,Correntes,18268,False
2021,2604700,Correntes,18327,False
2022,2604700,Correntes,18105,True
2023,2604700,Correntes,17882,True
2024,2604700,Correntes,17660,False
2015,2604809,Cortês,12602,False
2016,2604809,Cortês,12581,False
2017,2604809,Cortês,12560,False
2018,2604809,Cortês,12596,False
2019,2604809,Cortês,12578,False
2020,2604809,Cortês,12560,False
2021,2604809,Cortês,12543,False
2022,2604809,Cortês,11866,True
2023,2604809,Cortês,11189,True
2024,2604809,Cortês,10512,False
2015,2604908,Cumaru,13132,False
2016,2604908,Cumaru,12332,False
2017,2604908,Cumaru,11559,False
2018,2604908,Cumaru,11635,False
2019,2604908,Cumaru,10906,False
2020,2604908,Cumaru,10192,False
2021,2604908,Cumaru,9494,False
2022,2604908,Cumaru,11747,True
2023,2604908,Cumaru,13999,True
2024,2604908,Cumaru,16252,False
2015,2605004,Cupira,23841,False
2016,2605004,Cupira,23909,False
2017,2605004,Cupira,23977,False
2018,2605004,Cupira,24041,False
2019,2605004,Cupira,24107,False
2020,2605004,Cupira,24173,False
2021,2605004,Cupira,24237,False
2022,2605004,Cupira,24258,True
2023,2605004,Cupira,24280,True
2024,2605004,Cupira,24301,False
2015,2605103,Custódia,36184,False
2016,2605103,Custódia,36474,False
2017,2605103,Custódia,36753,False
2018,2605103,Custódia,36841,False
2019,2605103,Custódia,37111,False
2020,2605103,Custódia,37375,False
2021,2605103,Custódia,37633,False
2022,2605103,Custódia,38223,True
2023,2605103,Custódia,38813,True
2024,2605103,Custódia,39403,False
2015,2605152,Dormentes,18321,False
2016,2605152,Dormentes,18510,False
2017,2605152,Dormentes,18692,False
2018,2605152,Dormentes,18734,False
2019,2605152,Dormentes,18908,False
2020,2605152,Dormentes,19079,False
2021,2605152,Dormentes,19246,False
2022,2605152,Dormentes,18747,True
2023,2605152,Dormentes,18248,True
2024,2605152,Dormentes,17749,False
2015,2605202,Escada,67381,False
2016,2605202,Escada,67839,False
2017,2605202,Escada,68281,False
2018,2605202,Escada,68448,False
2019,2605202,Escada,68875,False
2020,2605202,Escada,69292,False
2021,2605202,Escada,69701,False
2022,2605202,Escada,67218,True
2023,2605202,Escada,64735,True
2024,2605202,Escada,62252,False
2015,2605301,Exu,31928,False
2016,2605301,Exu,31858,False
2017,2605301,Exu,31790,False
2018,2605301,Exu,31885,False
2019,2605301,Exu,31825,False
2020,2605301,Exu,31766,False
2021,2605301,Exu,31709,False
2022,2605301,Exu,32285,True
2023,2605301,Exu,32860,True
2024,2605301,Exu,33436,False
2015,2605400,Feira Nova,21710,False
2016,2605400,Feira Nova,21836,False
2017,2605400,Feira Nova,21958,False
2018,2605400,Feira Nova,22013,False
2019,2605400,Feira Nova,22131,False
2020,2605400,Feira Nova,22247,False
2021,2605400,Feira Nova,22360,False
2022,2605400,Feira Nova,22296,True
2023,2605400,Feira Nova,22233,True
2024,2605400,Feira Nova,22169,False
2015,2605459,Fernando de Noronha,2930,False
2016,2605459,Fernando de Noronha,2974,False
2017,2605459,Fernando de Noronha,3016,False
2018,2605459,Fernando de Noronha,3021,False
2019,2605459,Fernando de Noronha,3061,False
2020,2605459,Fernando de Noronha,3101,False
2021,2605459,Fernando de Noronha,3140,False
2022,2605459,Fernando de Noronha,3199,True
2023,2605459,Fernando de Noronha,3257,True
2024,2605459,Fernando de Noronha,3316,False
2015,2605509,Ferreiros,11957,False
2016,2605509,Ferreiros,12008,False
2017,2605509,Ferreiros,12057,False
2018,2605509,Ferreiros,14365,False
2019,2605509,Ferreiros,12123,False
2020,2605509,Ferreiros,12170,False
2021,2605509,Ferreiros,12216,False
2022,2605509,Ferreiros,13409,True
2023,2605509,Ferreiros,14601,True
2024,2605509,Ferreiros,15794,False
2015,2605608,Flores,22588,False
2016,2605608,Flores,22577,False
2017,2605608,Flores,22567,False
2018,2605608,Flores,22631,False
2019,2605608,Flores,22624,False
2020,2605608,Flores,22618,False
2021,2605608,Flores,22612,False
2022,2605608,Flores,22020,True
2023,2605608,Flores,21427,True
2024,2605608,Flores,20835,False
2015,2605707,Floresta,31809,False
2016,2605707,Floresta,32152,False
2017,2605707,Floresta,32483,False
2018,2605707,Floresta,32556,False
2019,2605707,Floresta,32873,False
2020,2605707,Floresta,33184,False
2021,2605707,Floresta,33488,False
2022,2605707,Floresta,32868,True
2023,2605707,Floresta,32247,True
2024,2605707,Floresta,31627,False
2015,2605806,Frei Miguelinho,15137,False
2016,2605806,Frei Miguelinho,15234,False
2017,2605806,Frei Miguelinho,15328,False
2018,2605806,Frei Miguelinho,15366,False
2019,2605806,Frei Miguelinho,15457,False
2020,2605806,Frei Miguelinho,15546,False
2021,2605806,Frei Miguelinho,15633,False
2022,2605806,Frei Miguelinho,15112,True
2023,2605806,Frei Miguelinho,14591,True
2024,2605806,Frei Miguelinho,14070,False
2015,2605905,Gameleira,30132,False
2016,2605905,Gameleira,30426,False
2017,2605905,Gameleira,30709,False
2018,2605905,Gameleira,30780,False
2019,2605905,Gameleira,31052,False
2020,2605905,Gameleira,31318,False
2021,2605905,Gameleira,31578,False
2022,2605905,Gameleira,27043,True
2023,2605905,Gameleira,22508,True
2024,2605905,Gameleira,17973,False
2015,2606002,Garanhuns,136949,False
2016,2606002,Garanhuns,137810,False
2017,2606002,Garanhuns,138642,False
2018,2606002,Garanhuns,138983,False
2019,2606002,Garanhuns,139788,False
2020,2606002,Garanhuns,140577,False
2021,2606002,Garanhuns,141347,False
2022,2606002,Garanhuns,144586,True
2023,2606002,Garanhuns,147825,True
2024,2606002,Garanhuns,151064,False
2015,2606101,Glória do Goitá,30220,False
2016,2606101,Glória do Goitá,30324,False
2017,2606101,Glória do Goitá,30425,False
2018,2606101,Glória do Goitá,30504,False
2019,2606101,Glória do Goitá,30604,False
2020,2606101,Glória do Goitá,30751,False
2021,2606101,Glória do Goitá,30847,False
2022,2606101,Glória do Goitá,30688,True
2023,2606101,Glória do Goitá,30529,True
2024,2606101,Glória do Goitá,30370,False
2015,2606200,Goiana,78618,False
2016,2606200,Goiana,78940,False
2017,2606200,Goiana,79249,False
2018,2606200,Goiana,79455,False
2019,2606200,Goiana,79758,False
2020,2606200,Goiana,80055,False
2021,2606200,Goiana,80345,False
2022,2606200,Goiana,81950,True
2023,2606200,Goiana,83555,True
2024,2606200,Goiana,85160,False
2015,2606309,Granito,7308,False
2016,2606309,Granito,7363,False
2017,2606309,Granito,7417,False
2018,2606309,Granito,7435,False
2019,2606309,Granito,7486,False
2020,2606309,Granito,7537,False
2021,2606309,Granito,7586,False
2022,2606309,Granito,7459,True
2023,2606309,Granito,7333,True
2024,2606309,Granito,7206,False
2015,2606408,Gravatá,81893,False
2016,2606408,Gravatá,82579,False
2017,2606408,Gravatá,83241,False
2018,2606408,Gravatá,83437,False
2019,2606408,Gravatá,84074,False
2020,2606408,Gravatá,84699,False
2021,2606408,Gravatá,85309,False
2022,2606408,Gravatá,87502,True
2023,2606408,Gravatá,89694,True
2024,2606408,Gravatá,91887,False
2015,2606507,Iati,19010,False
2016,2606507,Iati,19056,False
2017,2606507,Iati,19100,False
2018,2606507,Iati,19152,False
2019,2606507,Iati,19197,False
2020,2606507,Iati,19241,False
2021,2606507,Iati,19284,False
2022,2606507,Iati,18724,True
2023,2606507,Iati,18165,True
2024,2606507,Iati,17605,False
2015,2606606,Ibimirim,28604,False
2016,2606606,Ibimirim,28798,False
2017,2606606,Ibimirim,28985,False
2018,2606606,Ibimirim,29055,False
2019,2606606,Ibimirim,29235,False
2020,2606606,Ibimirim,29412,False
2021,2606606,Ibimirim,29585,False
2022,2606606,Ibimirim,29310,True
2023,2606606,Ibimirim,29035,True
2024,2606606,Ibimirim,28760,False
2015,2606705,Ibirajuba,7725,False
2016,2606705,Ibirajuba,7730,False
2017,2606705,Ibirajuba,7735,False
2018,2606705,Ibirajuba,7756,False
2019,2606705,Ibirajuba,7762,False
2020,2606705,Ibirajuba,7768,False
2021,2606705,Ibirajuba,7773,False
2022,2606705,Ibirajuba,7630,True
2023,2606705,Ibirajuba,7487,True
2024,2606705,Ibirajuba,7344,False
2015,2606804,Igarassu,112463,False
2016,2606804,Igarassu,113956,False
2017,2606804,Igarassu,115398,False
2018,2606804,Igarassu,115640,False
2019,2606804,Igarassu,117019,False
2020,2606804,Igarassu,118370,False
2021,2606804,Igarassu,119690,False
2022,2606804,Igarassu,120564,True
2023,2606804,Igarassu,121438,True
2024,2606804,Igarassu,122312,False
2015,2606903,Iguaracy,12137,False
2016,2606903,Iguaracy,12156,False
2017,2606903,Iguaracy,12175,False
2018,2606903,Iguaracy,12209,False
2019,2606903,Iguaracy,12228,False
2020,2606903,Iguaracy,12247,False
2021,2606903,Iguaracy,12265,False
2022,2606903,Iguaracy,11965,True
2023,2606903,Iguaracy,11666,True
2024,2606903,Iguaracy,11366,False
2015,2607604,Ilha de Itamaracá,24888,False
2016,2607604,Ilha de Itamaracá,25346,False
2017,2607604,Ilha de Itamaracá,25789,False
2018,2607604,Ilha de Itamaracá,25836,False
2019,2607604,Ilha de Itamaracá,26258,False
2020,2607604,Ilha de Itamaracá,26672,False
2021,2607604,Ilha de Itamaracá,27076,False
2022,2607604,Ilha de Itamaracá,26560,True
2023,2607604,Ilha de Itamaracá,26045,True
2024,2607604,Ilha de Itamaracá,25529,False
2015,2607000,Inajá,21932,False
2016,2607000,Inajá,22374,False
2017,2607000,Inajá,22801,False
2018,2607000,Inajá,22840,False
2019,2607000,Inajá,23247,False
2020,2607000,Inajá,23645,False
2021,2607000,Inajá,24034,False
2022,2607000,Inajá,25185,True
2023,2607000,Inajá,26337,True
2024,2607000,Inajá,27488,False
2015,2607109,Ingazeira,4556,False
2016,2607109,Ingazeira,4549,False
2017,2607109,Ingazeira,4542,False
2018,2607109,Ingazeira,4554,False
2019,2607109,Ingazeira,4548,False
2020,2607109,Ingazeira,4543,False
2021,2607109,Ingazeira,4537,False
2022,2607109,Ingazeira,4678,True
2023,2607109,Ingazeira,4818,True
2024,2607109,Ingazeira,4959,False
2015,2607208,Ipojuca,91341,False
2016,2607208,Ipojuca,92965,False
2017,2607208,Ipojuca,94533,False
2018,2607208,Ipojuca,94709,False
2019,2607208,Ipojuca,96204,False
2020,2607208,Ipojuca,97669,False
2021,2607208,Ipojuca,99101,False
2022,2607208,Ipojuca,101280,True
2023,2607208,Ipojuca,103459,True
2024,2607208,Ipojuca,105638,False
2015,2607307,Ipubi,29721,False
2016,2607307,Ipubi,30091,False
2017,2607307,Ipubi,30447,False
2018,2607307,Ipubi,30512,False
2019,2607307,Ipubi,30854,False
2020,2607307,Ipubi,31187,False
2021,2607307,Ipubi,31515,False
2022,2607307,Ipubi,31211,True
2023,2607307,Ipubi,30907,True
2024,2607307,Ipubi,30603,False
2015,2607406,Itacuruba,4754,False
2016,2607406,Itacuruba,4807,False
2017,2607406,Itacuruba,4858,False
2018,2607406,Itacuruba,4869,False
2019,2607406,Itacuruba,4918,False
2020,2607406,Itacuruba,4966,False
2021,2607406,Itacuruba,5013,False
2022,2607406,Itacuruba,4839,True
2023,2607406,Itacuruba,4664,True
2024,2607406,Itacuruba,4490,False
2015,2607653,Itambé,36278,False
2016,2607653,Itambé,36299,False
2017,2607653,Itambé,36320,False
2018,2607653,Itambé,36422,False
2019,2607653,Itambé,36447,False
2020,2607653,Itambé,36471,False
2021,2607653,Itambé,36495,False
2022,2607653,Itambé,36539,True
2023,2607653,Itambé,36582,True
2024,2607653,Itambé,36626,False
2015,2607703,Itapetim,13780,False
2016,2607703,Itapetim,13708,False
2017,2607703,Itapetim,13638,False
2018,2607703,Itapetim,13680,False
2019,2607703,Itapetim,13616,False
2020,2607703,Itapetim,13553,False
2021,2607703,Itapetim,13492,False
2022,2607703,Itapetim,13739,True
2023,2607703,Itapetim,13985,True
2024,2607703,Itapetim,14232,False
2015,2607752,Itapissuma,25798,False
2016,2607752,Itapissuma,26073,False
2017,2607752,Itapissuma,26338,False
2018,2607752,Itapissuma,26397,False
2019,2607752,Itapissuma,26651,False
2020,2607752,Itapissuma,26900,False
2021,2607752,Itapissuma,27144,False
2022,2607752,Itapissuma,27917,True
2023,2607752,Itapissuma,28690,True
2024,2607752,Itapissuma,29463,False
2015,2607802,Itaquitinga,16753,False
2016,2607802,Itaquitinga,16806,False
2017,2607802,Itaquitinga,16859,False
2018,2607802,Itaquitinga,16903,False
2019,2607802,Itaquitinga,16955,False
2020,2607802,Itaquitinga,17006,False
2021,2607802,Itaquitinga,17056,False
2022,2607802,Itaquitinga,17074,True
2023,2607802,Itaquitinga,17091,True
2024,2607802,Itaquitinga,17109,False
2015,2607505,Itaíba,26412,False
2016,2607505,Itaíba,26362,False
2017,2607505,Itaíba,26314,False
2018,2607505,Itaíba,26390,False
2019,2607505,Itaíba,26349,False
2020,2607505,Itaíba,26308,False
2021,2607505,Itaíba,26268,False
2022,2607505,Itaíba,28742,True
2023,2607505,Itaíba,31217,True
2024,2607505,Itaíba,33691,False
2015,2607901,Jaboatão dos Guararapes,686122,False
2016,2607901,Jaboatão dos Guararapes,691125,False
2017,2607901,Jaboatão dos Guararapes,695956,False
2018,2607901,Jaboatão dos Guararapes,697636,False
2019,2607901,Jaboatão dos Guararapes,702298,False
2020,2607901,Jaboatão dos Guararapes,706867,False
2021,2607901,Jaboatão dos Guararapes,711330,False
2022,2607901,Jaboatão dos Guararapes,701982,True
2023,2607901,Jaboatão dos Guararapes,692633,True
2024,2607901,Jaboatão dos Guararapes,683285,False
2015,2607950,Jaqueira,11664,False
2016,2607950,Jaqueira,11649,False
2017,2607950,Jaqueira,11634,False
2018,2607950,Jaqueira,11668,False
2019,2607950,Jaqueira,11656,False
2020,2607950,Jaqueira,11644,False
2021,2607950,Jaqueira,11632,False
2022,2607950,Jaqueira,11249,True
2023,2607950,Jaqueira,10866,True
2024,2607950,Jaqueira,10483,False
2015,2608008,Jataúba,16858,False
2016,2608008,Jataúba,16943,False
2017,2608008,Jataúba,17026,False
2018,2608008,Jataúba,17070,False
2019,2608008,Jataúba,17150,False
2020,2608008,Jataúba,17228,False
2021,2608008,Jataúba,17305,False
2022,2608008,Jataúba,16978,True
2023,2608008,Jataúba,16650,True
2024,2608008,Jataúba,16323,False
2015,2608057,Jatobá,14587,False
2016,2608057,Jatobá,14646,False
2017,2608057,Jatobá,14703,False
2018,2608057,Jatobá,14740,False
2019,2608057,Jatobá,14796,False
2020,2608057,Jatobá,14850,False
2021,2608057,Jatobá,14904,False
2022,2608057,Jatobá,14757,True
2023,2608057,Jatobá,14610,True
2024,2608057,Jatobá,14463,False
2015,2608206,Joaquim Nabuco,16021,False
2016,2608206,Joaquim Nabuco,16004,False
2017,2608206,Joaquim Nabuco,15989,False
2018,2608206,Joaquim Nabuco,16036,False
2019,2608206,Joaquim Nabuco,16023,False
2020,2608206,Joaquim Nabuco,16011,False
2021,2608206,Joaquim Nabuco,15999,False
2022,2608206,Joaquim Nabuco,15168,True
2023,2608206,Joaquim Nabuco,14337,True
2024,2608206,Joaquim Nabuco,13506,False
2015,2608107,João Alfredo,32939,False
2016,2608107,João Alfredo,33217,False
2017,2608107,João Alfredo,33485,False
2018,2608107,João Alfredo,33563,False
2019,2608107,João Alfredo,33822,False
2020,2608107,João Alfredo,33328,False
2021,2608107,João Alfredo,33570,False
2022,2608107,João Alfredo,32014,True
2023,2608107,João Alfredo,30459,True
2024,2608107,João Alfredo,28903,False
2015,2608255,Jucati,11202,False
2016,2608255,Jucati,11269,False
2017,2608255,Jucati,11334,False
2018,2608255,Jucati,11361,False
2019,2608255,Jucati,11424,False
2020,2608255,Jucati,11485,False
2021,2608255,Jucati,11545,False
2022,2608255,Jucati,11688,True
2023,2608255,Jucati,11832,True
2024,2608255,Jucati,11975,False
2015,2608305,Jupi,14525,False
2016,2608305,Jupi,14620,False
2017,2608305,Jupi,14712,False
2018,2608305,Jupi,14747,False
2019,2608305,Jupi,14836,False
2020,2608305,Jupi,14922,False
2021,2608305,Jupi,15007,False
2022,2608305,Jupi,15319,True
2023,2608305,Jupi,15631,True
2024,2608305,Jupi,15943,False
2015,2608404,Jurema,15171,False
2016,2608404,Jurema,15229,False
2017,2608404,Jurema,15284,False
2018,2608404,Jurema,15323,False
2019,2608404,Jurema,15378,False
2020,2608404,Jurema,15431,False
2021,2608404,Jurema,15483,False
2022,2608404,Jurema,14998,True
2023,2608404,Jurema,14512,True
2024,2608404,Jurema,14027,False
2015,2608750,Lagoa Grande,24757,False
2016,2608750,Lagoa Grande,25030,False
2017,2608750,Lagoa Grande,25294,False
2018,2608750,Lagoa Grande,25349,False
2019,2608750,Lagoa Grande,25601,False
2020,2608750,Lagoa Grande,25849,False
2021,2608750,Lagoa Grande,26090,False
2022,2608750,Lagoa Grande,25711,True
2023,2608750,Lagoa Grande,25331,True
2024,2608750,Lagoa Grande,24952,False
2015,2608503,Lagoa de Itaenga,21276,False
2016,2608503,Lagoa de Itaenga,21308,False
2017,2608503,Lagoa de Itaenga,21338,False
2018,2608503,Lagoa de Itaenga,21397,False
2019,2608503,Lagoa de Itaenga,21429,False
2020,2608503,Lagoa de Itaenga,21460,False
2021,2608503,Lagoa de Itaenga,21490,False
2022,2608503,Lagoa de Itaenga,20965,True
2023,2608503,Lagoa de Itaenga,20440,True
2024,2608503,Lagoa de Itaenga,19915,False
2015,2608453,Lagoa do Carro,17454,False
2016,2608453,Lagoa do Carro,17654,False
2017,2608453,Lagoa do Carro,17847,False
2018,2608453,Lagoa do Carro,17886,False
2019,2608453,Lagoa do Carro,18071,False
2020,2608453,Lagoa do Carro,18252,False
2021,2608453,Lagoa do Carro,18429,False
2022,2608453,Lagoa do Carro,18522,True
2023,2608453,Lagoa do Carro,18615,True
2024,2608453,Lagoa do Carro,18708,False
2015,2608602,Lagoa do Ouro,12865,False
2016,2608602,Lagoa do Ouro,12951,False
2017,2608602,Lagoa do Ouro,13033,False
2018,2608602,Lagoa do Ouro,13065,False
2019,2608602,Lagoa do Ouro,13145,False
2020,2608602,Lagoa do Ouro,13224,False
2021,2608602,Lagoa do Ouro,13300,False
2022,2608602,Lagoa do Ouro,12988,True
2023,2608602,Lagoa do Ouro,12676,True
2024,2608602,Lagoa do Ouro,12364,False
2015,2608701,Lagoa dos Gatos,16161,False
2016,2608701,Lagoa dos Gatos,16190,False
2017,2608701,Lagoa dos Gatos,16218,False
2018,2608701,Lagoa dos Gatos,16262,False
2019,2608701,Lagoa dos Gatos,16290,False
2020,2608701,Lagoa dos Gatos,16318,False
2021,2608701,Lagoa dos Gatos,16345,False
2022,2608701,Lagoa dos Gatos,15692,True
2023,2608701,Lagoa dos Gatos,15039,True
2024,2608701,Lagoa dos Gatos,14386,False
2015,2608800,Lajedo,39240,False
2016,2608800,Lajedo,39570,False
2017,2608800,Lajedo,39888,False
2018,2608800,Lajedo,39982,False
2019,2608800,Lajedo,40288,False
2020,2608800,Lajedo,40589,False
2021,2608800,Lajedo,40883,False
2022,2608800,Lajedo,41184,True
2023,2608800,Lajedo,41485,True
2024,2608800,Lajedo,41786,False
2015,2608909,Limoeiro,56269,False
2016,2608909,Limoeiro,56203,False
2017,2608909,Limoeiro,56140,False
2018,2608909,Limoeiro,56302,False
2019,2608909,Limoeiro,56250,False
2020,2608909,Limoeiro,56198,False
2021,2608909,Limoeiro,56149,False
2022,2608909,Limoeiro,57141,True
2023,2608909,Limoeiro,58133,True
2024,2608909,Limoeiro,59125,False
2015,2609006,Macaparana,25011,False
2016,2609006,Macaparana,25114,False
2017,2609006,Macaparana,25214,False
2018,2609006,Macaparana,25278,False
2019,2609006,Macaparana,25376,False
2020,2609006,Macaparana,25472,False
2021,2609006,Macaparana,25565,False
2022,2609006,Macaparana,25251,True
2023,2609006,Macaparana,24938,True
2024,2609006,Macaparana,24624,False
2015,2609105,Machados,15313,False
2016,2609105,Machados,15571,False
2017,2609105,Machados,15820,False
2018,2609105,Machados,15851,False
2019,2609105,Machados,16088,False
2020,2609105,Machados,16321,False
2021,2609105,Machados,16549,False
2022,2609105,Machados,14856,True
2023,2609105,Machados,13164,True
2024,2609105,Machados,11471,False
2015,2609154,Manari,20302,False
2016,2609154,Manari,20681,False
2017,2609154,Manari,21047,False
2018,2609154,Manari,21085,False
2019,2609154,Manari,21434,False
2020,2609154,Manari,21776,False
2021,2609154,Manari,22110,False
2022,2609154,Manari,23664,True
2023,2609154,Manari,25219,True
2024,2609154,Manari,26773,False
2015,2609204,Maraial,11711,False
2016,2609204,Maraial,11570,False
2017,2609204,Maraial,11433,False
2018,2609204,Maraial,11473,False
2019,2609204,Maraial,11345,False
2020,2609204,Maraial,11220,False
2021,2609204,Maraial,11098,False
2022,2609204,Maraial,10543,True
2023,2609204,Maraial,9987,True
2024,2609204,Maraial,9432,False
2015,2609303,Mirandiba,15098,False
2016,2609303,Mirandiba,15185,False
2017,2609303,Mirandiba,15270,False
2018,2609303,Mirandiba,15308,False
2019,2609303,Mirandiba,15390,False
2020,2609303,Mirandiba,15470,False
2021,2609303,Mirandiba,15548,False
2022,2609303,Mirandiba,15232,True
2023,2609303,Mirandiba,14915,True
2024,2609303,Mirandiba,14599,False
2015,2614303,Moreilândia,11242,False
2016,2614303,Moreilândia,11240,False
2017,2614303,Moreilândia,11238,False
2018,2614303,Moreilândia,11270,False
2019,2614303,Moreilândia,11270,False
2020,2614303,Moreilândia,11270,False
2021,2614303,Moreilândia,11269,False
2022,2614303,Moreilândia,11129,True
2023,2614303,Moreilândia,10989,True
2024,2614303,Moreilândia,10849,False
2015,2609402,Moreno,61016,False
2016,2609402,Moreno,61577,False
2017,2609402,Moreno,62119,False
2018,2609402,Moreno,62263,False
2019,2609402,Moreno,62784,False
2020,2609402,Moreno,63294,False
2021,2609402,Moreno,63792,False
2022,2609402,Moreno,61744,True
2023,2609402,Moreno,59695,True
2024,2609402,Moreno,57647,False
2015,2609501,Nazaré da Mata,32064,False
2016,2609501,Nazaré da Mata,32174,False
2017,2609501,Nazaré da Mata,32280,False
2018,2609501,Nazaré da Mata,32366,False
2019,2609501,Nazaré da Mata,32471,False
2020,2609501,Nazaré da Mata,32573,False
2021,2609501,Nazaré da Mata,32673,False
2022,2609501,Nazaré da Mata,32500,True
2023,2609501,Nazaré da Mata,32326,True
2024,2609501,Nazaré da Mata,32153,False
2015,2609600,Olinda,389494,False
2016,2609600,Olinda,390144,False
2017,2609600,Olinda,390771,False
2018,2609600,Olinda,391835,False
2019,2609600,Olinda,392482,False
2020,2609600,Olinda,393115,False
2021,2609600,Olinda,393734,False
2022,2609600,Olinda,384290,True
2023,2609600,Olinda,374846,True
2024,2609600,Olinda,365402,False
2015,2609709,Orobó,23663,False
2016,2609709,Orobó,23717,False
2017,2609709,Orobó,23768,False
2018,2609709,Orobó,23833,False
2019,2609709,Orobó,23884,False
2020,2609709,Orobó,23935,False
2021,2609709,Orobó,23985,False
2022,2609709,Orobó,23469,True
2023,2609709,Orobó,22954,True
2024,2609709,Orobó,22438,False
2015,2609808,Orocó,14445,False
2016,2609808,Orocó,14623,False
2017,2609808,Orocó,14794,False
2018,2609808,Orocó,14827,False
2019,2609808,Orocó,14991,False
2020,2609808,Orocó,15152,False
2021,2609808,Orocó,15309,False
2022,2609808,Orocó,14906,True
2023,2609808,Orocó,14503,True
2024,2609808,Orocó,14100,False
2015,2609907,Ouricuri,67676,False
2016,2609907,Ouricuri,68236,False
2017,2609907,Ouricuri,68776,False
2018,2609907,Ouricuri,68939,False
2019,2609907,Ouricuri,69459,False
2020,2609907,Ouricuri,69969,False
2021,2609907,Ouricuri,70466,False
2022,2609907,Ouricuri,69754,True
2023,2609907,Ouricuri,69041,True
2024,2609907,Ouricuri,68329,False
2015,2610004,Palmares,62300,False
2016,2610004,Palmares,62571,False
2017,2610004,Palmares,62832,False
2018,2610004,Palmares,62994,False
2019,2610004,Palmares,63250,False
2020,2610004,Palmares,63500,False
2021,2610004,Palmares,63745,False
2022,2610004,Palmares,61368,True
2023,2610004,Palmares,58992,True
2024,2610004,Palmares,56615,False
2015,2610103,Palmeirina,7969,False
2016,2610103,Palmeirina,7864,False
2017,2610103,Palmeirina,7761,False
2018,2610103,Palmeirina,7789,False
2019,2610103,Palmeirina,7693,False
2020,2610103,Palmeirina,7600,False
2021,2610103,Palmeirina,7509,False
2022,2610103,Palmeirina,7391,True
2023,2610103,Palmeirina,7272,True
2024,2610103,Palmeirina,7154,False
2015,2610202,Panelas,26464,False
2016,2610202,Panelas,26440,False
2017,2610202,Panelas,26417,False
2018,2610202,Panelas,26492,False
2019,2610202,Panelas,26474,False
2020,2610202,Panelas,26456,False
2021,2610202,Panelas,26438,False
2022,2610202,Panelas,25442,True
2023,2610202,Panelas,24445,True
2024,2610202,Panelas,23449,False
2015,2610301,Paranatama,11357,False
2016,2610301,Paranatama,11403,False
2017,2610301,Paranatama,11449,False
2018,2610301,Paranatama,11478,False
2019,2610301,Paranatama,11523,False
2020,2610301,Paranatama,11566,False
2021,2610301,Paranatama,11608,False
2022,2610301,Paranatama,11976,True
2023,2610301,Paranatama,12344,True
2024,2610301,Paranatama,12712,False
2015,2610400,Parnamirim,21193,False
2016,2610400,Parnamirim,21290,False
2017,2610400,Parnamirim,21383,False
2018,2610400,Parnamirim,21914,False
2019,2610400,Parnamirim,22010,False
2020,2610400,Parnamirim,22106,False
2021,2610400,Parnamirim,22198,False
2022,2610400,Parnamirim,21141,True
2023,2610400,Parnamirim,20085,True
2024,2610400,Parnamirim,19028,False
2015,2610509,Passira,28982,False
2016,2610509,Passira,28935,False
2017,2610509,Passira,28889,False
2018,2610509,Passira,28972,False
2019,2610509,Passira,28933,False
2020,2610509,Passira,28894,False
2021,2610509,Passira,28856,False
2022,2610509,Passira,29144,True
2023,2610509,Passira,29431,True
2024,2610509,Passira,29719,False
2015,2610608,Paudalho,55028,False
2016,2610608,Paudalho,55493,False
2017,2610608,Paudalho,55942,False
2018,2610608,Paudalho,56074,False
2019,2610608,Paudalho,56506,False
2020,2610608,Paudalho,56933,False
2021,2610608,Paudalho,57346,False
2022,2610608,Paudalho,58110,True
2023,2610608,Paudalho,58874,True
2024,2610608,Paudalho,59638,False
2015,2610707,Paulista,322730,False
2016,2610707,Paulista,325590,False
2017,2610707,Paulista,328353,False
2018,2610707,Paulista,329117,False
2019,2610707,Paulista,331774,False
2020,2610707,Paulista,334376,False
2021,2610707,Paulista,336919,False
2022,2610707,Paulista,345599,True
2023,2610707,Paulista,354280,True
2024,2610707,Paulista,362960,False
2015,2610806,Pedra,22401,False
2016,2610806,Pedra,22455,False
2017,2610806,Pedra,22505,False
2018,2610806,Pedra,22566,False
2019,2610806,Pedra,22617,False
2020,2610806,Pedra,22668,False
2021,2610806,Pedra,22716,False
2022,2610806,Pedra,23012,True
2023,2610806,Pedra,23309,True
2024,2610806,Pedra,23605,False
2015,2610905,Pesqueira,66153,False
2016,2610905,Pesqueira,66524,False
2017,2610905,Pesqueira,66881,False
2018,2610905,Pesqueira,67047,False
2019,2610905,Pesqueira,67395,False
2020,2610905,Pesqueira,67735,False
2021,2610905,Pesqueira,68067,False
2022,2610905,Pesqueira,67181,True
2023,2610905,Pesqueira,66294,True
2024,2610905,Pesqueira,65408,False
2015,2611101,Petrolina,331951,False
2016,2611101,Petrolina,337683,False
2017,2611101,Petrolina,343219,False
2018,2611101,Petrolina,343865,False
2019,2611101,Petrolina,349145,False
2020,2611101,Petrolina,354317,False
2021,2611101,Petrolina,359372,False
2022,2611101,Petrolina,377609,True
2023,2611101,Petrolina,395846,True
2024,2611101,Petrolina,414083,False
2015,2611002,Petrolândia,35342,False
2016,2611002,Petrolândia,35731,False
2017,2611002,Petrolândia,36108,False
2018,2611002,Petrolândia,36187,False
2019,2611002,Petrolândia,36548,False
2020,2611002,Petrolândia,36901,False
2021,2611002,Petrolândia,37246,False
2022,2611002,Petrolândia,36828,True
2023,2611002,Petrolândia,36409,True
2024,2611002,Petrolândia,35991,False
2015,2611309,Pombos,26841,False
2016,2611309,Pombos,26902,False
2017,2611309,Pombos,26960,False
2018,2611309,Pombos,27033,False
2019,2611309,Pombos,27091,False
2020,2611309,Pombos,27148,False
2021,2611309,Pombos,27204,False
2022,2611309,Pombos,27085,True
2023,2611309,Pombos,26966,True
2024,2611309,Pombos,26847,False
2015,2611200,Poção,11265,False
2016,2611200,Poção,11266,False
2017,2611200,Poção,11268,False
2018,2611200,Poção,11299,False
2019,2611200,Poção,11302,False
2020,2611200,Poção,11305,False
2021,2611200,Poção,11308,False
2022,2611200,Poção,11140,True
2023,2611200,Poção,10973,True
2024,2611200,Poção,10805,False
2015,2611408,Primavera,14509,False
2016,2611408,Primavera,14657,False
2017,2611408,Primavera,14798,False
2018,2611408,Primavera,14831,False
2019,2611408,Primavera,14966,False
2020,2611408,Primavera,15101,False
2021,2611408,Primavera,15231,False
2022,2611408,Primavera,14938,True
2023,2611408,Primavera,14644,True
2024,2611408,Primavera,14351,False
2015,2611507,Quipapá,25536,False
2016,2611507,Quipapá,25686,False
2017,2611507,Quipapá,25831,False
2018,2611507,Quipapá,25896,False
2019,2611507,Quipapá,26037,False
2020,2611507,Quipapá,26175,False
2021,2611507,Quipapá,26309,False
2022,2611507,Quipapá,23531,True
2023,2611507,Quipapá,20752,True
2024,2611507,Quipapá,17974,False
2015,2611533,Quixaba,6823,False
2016,2611533,Quixaba,6812,False
2017,2611533,Quixaba,6802,False
2018,2611533,Quixaba,6822,False
2019,2611533,Quixaba,6813,False
2020,2611533,Quixaba,6805,False
2021,2611533,Quixaba,6796,False
2022,2611533,Quixaba,6782,True
2023,2611533,Quixaba,6769,True
2024,2611533,Quixaba,6755,False
2015,2611606,Recife,1617183,False
2016,2611606,Recife,1625583,False
2017,2611606,Recife,1633697,False
2018,2611606,Recife,1637834,False
2019,2611606,Recife,1645727,False
2020,2611606,Recife,1653461,False
2021,2611606,Recife,1661017,False
2022,2611606,Recife,1636580,True
2023,2611606,Recife,1612144,True
2024,2611606,Recife,1587707,False
2015,2611705,Riacho das Almas,20177,False
2016,2611705,Riacho das Almas,20286,False
2017,2611705,Riacho das Almas,20392,False
2018,2611705,Riacho das Almas,20443,False
2019,2611705,Riacho das Almas,20546,False
2020,2611705,Riacho das Almas,20646,False
2021,2611705,Riacho das Almas,20744,False
2022,2611705,Riacho das Almas,20966,True
2023,2611705,Riacho das Almas,21189,True
2024,2611705,Riacho das Almas,21411,False
2015,2611804,Ribeirão,46659,False
2016,2611804,Ribeirão,46877,False
2017,2611804,Ribeirão,47088,False
2018,2611804,Ribeirão,47209,False
2019,2611804,Ribeirão,47415,False
2020,2611804,Ribeirão,47616,False
2021,2611804,Ribeirão,47813,False
2022,2611804,Ribeirão,43294,True
2023,2611804,Ribeirão,38774,True
2024,2611804,Ribeirão,34255,False
2015,2611903,Rio Formoso,23181,False
2016,2611903,Rio Formoso,23282,False
2017,2611903,Rio Formoso,23379,False
2018,2611903,Rio Formoso,23440,False
2019,2611903,Rio Formoso,23535,False
2020,2611903,Rio Formoso,23628,False
2021,2611903,Rio Formoso,23719,False
2022,2611903,Rio Formoso,22633,True
2023,2611903,Rio Formoso,21546,True
2024,2611903,Rio Formoso,20460,False
2015,2612000,Sairé,10437,False
2016,2612000,Sairé,10247,False
2017,2612000,Sairé,10065,False
2018,2612000,Sairé,10103,False
2019,2612000,Sairé,9932,False
2020,2612000,Sairé,9764,False
2021,2612000,Sairé,9600,False
2022,2612000,Sairé,10139,True
2023,2612000,Sairé,10679,True
2024,2612000,Sairé,11218,False
2015,2612109,Salgadinho,10423,False
2016,2612109,Salgadinho,10588,False
2017,2612109,Salgadinho,10747,False
2018,2612109,Salgadinho,10768,False
2019,2612109,Salgadinho,10919,False
2020,2612109,Salgadinho,11068,False
2021,2612109,Salgadinho,11214,False
2022,2612109,Salgadinho,9349,True
2023,2612109,Salgadinho,7485,True
2024,2612109,Salgadinho,5620,False
2015,2612208,Salgueiro,59769,False
2016,2612208,Salgueiro,60117,False
2017,2612208,Salgueiro,60453,False
2018,2612208,Salgueiro,60604,False
2019,2612208,Salgueiro,60930,False
2020,2612208,Salgueiro,61249,False
2021,2612208,Salgueiro,61561,False
2022,2612208,Salgueiro,62919,True
2023,2612208,Salgueiro,64277,True
2024,2612208,Salgueiro,65635,False
2015,2612307,Saloá,15742,False
2016,2612307,Saloá,15761,False
2017,2612307,Saloá,15779,False
2018,2612307,Saloá,15823,False
2019,2612307,Saloá,15843,False
2020,2612307,Saloá,15862,False
2021,2612307,Saloá,15880,False
2022,2612307,Saloá,15311,True
2023,2612307,Saloá,14742,True
2024,2612307,Saloá,14173,False
2015,2612406,Sanharó,25047,False
2016,2612406,Sanharó,25521,False
2017,2612406,Sanharó,25979,False
2018,2612406,Sanharó,26026,False
2019,2612406,Sanharó,26462,False
2020,2612406,Sanharó,26890,False
2021,2612406,Sanharó,27308,False
2022,2612406,Sanharó,24516,True
2023,2612406,Sanharó,21725,True
2024,2612406,Sanharó,18933,False
2015,2612455,Santa Cruz,14857,False
2016,2612455,Santa Cruz,15032,False
2017,2612455,Santa Cruz,15202,False
2018,2612455,Santa Cruz,15236,False
2019,2612455,Santa Cruz,15398,False
2020,2612455,Santa Cruz,15558,False
2021,2612455,Santa Cruz,15713,False
2022,2612455,Santa Cruz,15249,True
2023,2612455,Santa Cruz,14784,True
2024,2612455,Santa Cruz,14320,False
2015,2612471,Santa Cruz da Baixa Verde,12375,False
2016,2612471,Santa Cruz da Baixa Verde,12439,False
2017,2612471,Santa Cruz da Baixa Verde,12501,False
2018,2612471,Santa Cruz da Baixa Verde,12531,False
2019,2612471,Santa Cruz da Baixa Verde,12592,False
2020,2612471,Santa Cruz da Baixa Verde,12650,False
2021,2612471,Santa Cruz da Baixa Verde,12708,False
2022,2612471,Santa Cruz da Baixa Verde,12450,True
2023,2612471,Santa Cruz da Baixa Verde,12191,True
2024,2612471,Santa Cruz da Baixa Verde,11933,False
2015,2612505,Santa Cruz do Capibaribe,101485,False
2016,2612505,Santa Cruz do Capibaribe,103660,False
2017,2612505,Santa Cruz do Capibaribe,105761,False
2018,2612505,Santa Cruz do Capibaribe,105936,False
2019,2612505,Santa Cruz do Capibaribe,107937,False
2020,2612505,Santa Cruz do Capibaribe,109897,False
2021,2612505,Santa Cruz do Capibaribe,111812,False
2022,2612505,Santa Cruz do Capibaribe,109300,True
2023,2612505,Santa Cruz do Capibaribe,106789,True
2024,2612505,Santa Cruz do Capibaribe,104277,False
2015,2612554,Santa Filomena,14172,False
2016,2612554,Santa Filomena,14265,False
2017,2612554,Santa Filomena,14355,False
2018,2612554,Santa Filomena,14390,False
2019,2612554,Santa Filomena,14477,False
2020,2612554,Santa Filomena,14562,False
2021,2612554,Santa Filomena,14645,False
2022,2612554,Santa Filomena,13897,True
2023,2612554,Santa Filomena,13150,True
2024,2612554,Santa Filomena,12402,False
2015,2612604,Santa Maria da Boa Vista,41293,False
2016,2612604,Santa Maria da Boa Vista,41475,False
2017,2612604,Santa Maria da Boa Vista,41652,False
2018,2612604,Santa Maria da Boa Vista,41759,False
2019,2612604,Santa Maria da Boa Vista,41931,False
2020,2612604,Santa Maria da Boa Vista,42100,False
2021,2612604,Santa Maria da Boa Vista,42266,False
2022,2612604,Santa Maria da Boa Vista,42405,True
2023,2612604,Santa Maria da Boa Vista,42543,True
2024,2612604,Santa Maria da Boa Vista,42682,False
2015,2612703,Santa Maria do Cambucá,13826,False
2016,2612703,Santa Maria do Cambucá,13921,False
2017,2612703,Santa Maria do Cambucá,14013,False
2018,2612703,Santa Maria do Cambucá,14048,False
2019,2612703,Santa Maria do Cambucá,14137,False
2020,2612703,Santa Maria do Cambucá,14223,False
2021,2612703,Santa Maria do Cambucá,14308,False
2022,2612703,Santa Maria do Cambucá,14383,True
2023,2612703,Santa Maria do Cambucá,14458,True
2024,2612703,Santa Maria do Cambucá,14533,False
2015,2612802,Santa Terezinha,11627,False
2016,2612802,Santa Terezinha,11682,False
2017,2612802,Santa Terezinha,11734,False
2018,2612802,Santa Terezinha,11764,False
2019,2612802,Santa Terezinha,11815,False
2020,2612802,Santa Terezinha,11865,False
2021,2612802,Santa Terezinha,11914,False
2022,2612802,Santa Terezinha,11447,True
2023,2612802,Santa Terezinha,10980,True
2024,2612802,Santa Terezinha,10513,False
2015,2613909,Serra Talhada,84352,False
2016,2613909,Serra Talhada,84970,False
2017,2613909,Serra Talhada,85568,False
2018,2613909,Serra Talhada,85774,False
2019,2613909,Serra Talhada,86350,False
2020,2613909,Serra Talhada,86915,False
2021,2613909,Serra Talhada,87467,False
2022,2613909,Serra Talhada,91026,True
2023,2613909,Serra Talhada,94584,True
2024,2613909,Serra Talhada,98143,False
2015,2614006,Serrita,19017,False
2016,2614006,Serrita,19049,False
2017,2614006,Serrita,19080,False
2018,2614006,Serrita,19133,False
2019,2614006,Serrita,19165,False
2020,2614006,Serrita,19196,False
2021,2614006,Serrita,19226,False
2022,2614006,Serrita,19070,True
2023,2614006,Serrita,18915,True
2024,2614006,Serrita,18759,False
2015,2614105,Sertânia,35367,False
2016,2614105,Sertânia,35521,False
2017,2614105,Sertânia,35670,False
2018,2614105,Sertânia,35761,False
2019,2614105,Sertânia,35907,False
2020,2614105,Sertânia,36050,False
2021,2614105,Sertânia,36189,False
2022,2614105,Sertânia,35549,True
2023,2614105,Sertânia,34909,True
2024,2614105,Sertânia,34269,False
2015,2614204,Sirinhaém,44187,False
2016,2614204,Sirinhaém,44734,False
2017,2614204,Sirinhaém,45263,False
2018,2614204,Sirinhaém,45359,False
2019,2614204,Sirinhaém,45865,False
2020,2614204,Sirinhaém,46361,False
2021,2614204,Sirinhaém,46845,False
2022,2614204,Sirinhaém,44308,True
2023,2614204,Sirinhaém,41770,True
2024,2614204,Sirinhaém,39233,False
2015,2614402,Solidão,5949,False
2016,2614402,Solidão,5964,False
2017,2614402,Solidão,5978,False
2018,2614402,Solidão,5993,False
2019,2614402,Solidão,6007,False
2020,2614402,Solidão,6021,False
2021,2614402,Solidão,6034,False
2022,2614402,Solidão,5824,True
2023,2614402,Solidão,5613,True
2024,2614402,Solidão,5403,False
2015,2614501,Surubim,63166,False
2016,2614501,Surubim,63780,False
2017,2614501,Surubim,64373,False
2018,2614501,Surubim,64520,False
2019,2614501,Surubim,65089,False
2020,2614501,Surubim,65647,False
2021,2614501,Surubim,66192,False
2022,2614501,Surubim,66633,True
2023,2614501,Surubim,67074,True
2024,2614501,Surubim,67515,False
2015,2612901,São Benedito do Sul,15305,False
2016,2612901,São Benedito do Sul,15497,False
2017,2612901,São Benedito do Sul,15683,False
2018,2612901,São Benedito do Sul,15717,False
2019,2612901,São Benedito do Sul,15895,False
2020,2612901,São Benedito do Sul,16069,False
2021,2612901,São Benedito do Sul,16239,False
2022,2612901,São Benedito do Sul,15319,True
2023,2612901,São Benedito do Sul,14399,True
2024,2612901,São Benedito do Sul,13479,False
2015,2613008,São Bento do Una,57659,False
2016,2613008,São Bento do Una,58251,False
2017,2613008,São Bento do Una,58824,False
2018,2613008,São Bento do Una,58956,False
2019,2613008,São Bento do Una,59504,False
2020,2613008,São Bento do Una,60042,False
2021,2613008,São Bento do Una,60567,False
2022,2613008,São Bento do Una,57466,True
2023,2613008,São Bento do Una,54365,True
2024,2613008,São Bento do Una,51264,False
2015,2613107,São Caitano,36763,False
2016,2613107,São Caitano,36895,False
2017,2613107,São Caitano,37023,False
2018,2613107,São Caitano,37119,False
2019,2613107,São Caitano,37245,False
2020,2613107,São Caitano,37368,False
2021,2613107,São Caitano,37488,False
2022,2613107,São Caitano,38031,True
2023,2613107,São Caitano,38574,True
2024,2613107,São Caitano,39117,False
2015,2613305,São Joaquim do Monte,21171,False
2016,2613305,São Joaquim do Monte,21215,False
2017,2613305,São Joaquim do Monte,21257,False
2018,2613305,São Joaquim do Monte,21314,False
2019,2613305,São Joaquim do Monte,21356,False
2020,2613305,São Joaquim do Monte,21398,False
2021,2613305,São Joaquim do Monte,21439,False
2022,2613305,São Joaquim do Monte,21106,True
2023,2613305,São Joaquim do Monte,20773,True
2024,2613305,São Joaquim do Monte,20440,False
2015,2613404,São José da Coroa Grande,20335,False
2016,2613404,São José da Coroa Grande,20654,False
2017,2613404,São José da Coroa Grande,20963,False
2018,2613404,São José da Coroa Grande,21004,False
2019,2613404,São José da Coroa Grande,21298,False
2020,2613404,São José da Coroa Grande,21586,False
2021,2613404,São José da Coroa Grande,21868,False
2022,2613404,São José da Coroa Grande,21068,True
2023,2613404,São José da Coroa Grande,20268,True
2024,2613404,São José da Coroa Grande,19468,False
2015,2613503,São José do Belmonte,33677,False
2016,2613503,São José do Belmonte,33742,False
2017,2613503,São José do Belmonte,33804,False
2018,2613503,São José do Belmonte,33895,False
2019,2613503,São José do Belmonte,33959,False
2020,2613503,São José do Belmonte,34021,False
2021,2613503,São José do Belmonte,34082,False
2022,2613503,São José do Belmonte,34972,True
2023,2613503,São José do Belmonte,35862,True
2024,2613503,São José do Belmonte,36752,False
2015,2613602,São José do Egito,33365,False
2016,2613602,São José do Egito,33537,False
2017,2613602,São José do Egito,33704,False
2018,2613602,São José do Egito,33789,False
2019,2613602,São José do Egito,33951,False
2020,2613602,São José do Egito,34056,False
2021,2613602,São José do Egito,34210,False
2022,2613602,São José do Egito,33637,True
2023,2613602,São José do Egito,33064,True
2024,2613602,São José do Egito,32491,False
2015,2613206,São João,22403,False
2016,2613206,São João,22518,False
2017,2613206,São João,22628,False
2018,2613206,São João,22686,False
2019,2613206,São João,22793,False
2020,2613206,São João,22899,False
2021,2613206,São João,23002,False
2022,2613206,São João,23592,True
2023,2613206,São João,24182,True
2024,2613206,São João,24772,False
2015,2613701,São Lourenço da Mata,110264,False
2016,2613701,São Lourenço da Mata,111197,False
2017,2613701,São Lourenço da Mata,112099,False
2018,2613701,São Lourenço da Mata,112362,False
2019,2613701,São Lourenço da Mata,113230,False
2020,2613701,São Lourenço da Mata,114079,False
2021,2613701,São Lourenço da Mata,114910,False
2022,2613701,São Lourenço da Mata,115860,True
2023,2613701,São Lourenço da Mata,116809,True
2024,2613701,São Lourenço da Mata,117759,False
2015,2613800,São Vicente Férrer,17763,False
2016,2613800,São Vicente Férrer,17834,False
2017,2613800,São Vicente Férrer,17904,False
2018,2613800,São Vicente Férrer,17950,False
2019,2613800,São Vicente Férrer,18018,False
2020,2613800,São Vicente Férrer,18085,False
2021,2613800,São Vicente Férrer,18150,False
2022,2613800,São Vicente Férrer,17825,True
2023,2613800,São Vicente Férrer,17501,True
2024,2613800,São Vicente Férrer,17176,False
2015,2614600,Tabira,27958,False
2016,2614600,Tabira,28132,False
2017,2614600,Tabira,28301,False
2018,2614600,Tabira,28371,False
2019,2614600,Tabira,28534,False
2020,2614600,Tabira,28704,False
2021,2614600,Tabira,28860,False
2022,2614600,Tabira,28938,True
2023,2614600,Tabira,29015,True
2024,2614600,Tabira,29093,False
2015,2614709,Tacaimbó,12891,False
2016,2614709,Tacaimbó,12872,False
2017,2614709,Tacaimbó,12853,False
2018,2614709,Tacaimbó,12890,False
2019,2614709,Tacaimbó,12874,False
2020,2614709,Tacaimbó,12859,False
2021,2614709,Tacaimbó,12843,False
2022,2614709,Tacaimbó,13321,True
2023,2614709,Tacaimbó,13799,True
2024,2614709,Tacaimbó,14277,False
2015,2614808,Tacaratu,24626,False
2016,2614808,Tacaratu,25003,False
2017,2614808,Tacaratu,25368,False
2018,2614808,Tacaratu,25417,False
2019,2614808,Tacaratu,25765,False
2020,2614808,Tacaratu,26106,False
2021,2614808,Tacaratu,26439,False
2022,2614808,Tacaratu,25894,True
2023,2614808,Tacaratu,25348,True
2024,2614808,Tacaratu,24803,False
2015,2614857,Tamandaré,22591,False
2016,2614857,Tamandaré,22850,False
2017,2614857,Tamandaré,23100,False
2018,2614857,Tamandaré,23149,False
2019,2614857,Tamandaré,23388,False
2020,2614857,Tamandaré,23623,False
2021,2614857,Tamandaré,23852,False
2022,2614857,Tamandaré,24079,True
2023,2614857,Tamandaré,24307,True
2024,2614857,Tamandaré,24534,False
2015,2615003,Taquaritinga do Norte,27592,False
2016,2615003,Taquaritinga do Norte,27981,False
2017,2615003,Taquaritinga do Norte,28358,False
2018,2615003,Taquaritinga do Norte,28416,False
2019,2615003,Taquaritinga do Norte,28775,False
2020,2615003,Taquaritinga do Norte,29127,False
2021,2615003,Taquaritinga do Norte,29472,False
2022,2615003,Taquaritinga do Norte,28147,True
2023,2615003,Taquaritinga do Norte,26822,True
2024,2615003,Taquaritinga do Norte,25497,False
2015,2615102,Terezinha,7057,False
2016,2615102,Terezinha,7089,False
2017,2615102,Terezinha,7120,False
2018,2615102,Terezinha,7139,False
2019,2615102,Terezinha,7169,False
2020,2615102,Terezinha,7198,False
2021,2615102,Terezinha,7227,False
2022,2615102,Terezinha,7104,True
2023,2615102,Terezinha,6980,True
2024,2615102,Terezinha,6857,False
2015,2615201,Terra Nova,10185,False
2016,2615201,Terra Nova,10313,False
2017,2615201,Terra Nova,10437,False
2018,2615201,Terra Nova,9983,False
2019,2615201,Terra Nova,10096,False
2020,2615201,Terra Nova,10206,False
2021,2615201,Terra Nova,10314,False
2022,2615201,Terra Nova,9950,True
2023,2615201,Terra Nova,9585,True
2024,2615201,Terra Nova,9221,False
2015,2615300,Timbaúba,53581,False
2016,2615300,Timbaúba,53328,False
2017,2615300,Timbaúba,53083,False
2018,2615300,Timbaúba,50956,False
2019,2615300,Timbaúba,53022,False
2020,2615300,Timbaúba,52802,False
2021,2615300,Timbaúba,52587,False
2022,2615300,Timbaúba,50916,True
2023,2615300,Timbaúba,49246,True
2024,2615300,Timbaúba,47575,False
2015,2615409,Toritama,42123,False
2016,2615409,Toritama,43174,False
2017,2615409,Toritama,44189,False
2018,2615409,Toritama,44254,False
2019,2615409,Toritama,45219,False
2020,2615409,Toritama,46164,False
2021,2615409,Toritama,47088,False
2022,2615409,Toritama,45937,True
2023,2615409,Toritama,44787,True
2024,2615409,Toritama,43636,False
2015,2615508,Tracunhaém,13596,False
2016,2615508,Tracunhaém,13643,False
2017,2615508,Tracunhaém,13689,False
2018,2615508,Tracunhaém,13724,False
2019,2615508,Tracunhaém,13769,False
2020,2615508,Tracunhaém,13813,False
2021,2615508,Tracunhaém,13856,False
2022,2615508,Tracunhaém,14035,True
2023,2615508,Tracunhaém,14214,True
2024,2615508,Tracunhaém,14393,False
2015,2615607,Trindade,29519,False
2016,2615607,Trindade,29842,False
2017,2615607,Trindade,30155,False
2018,2615607,Trindade,30222,False
2019,2615607,Trindade,30521,False
2020,2615607,Trindade,30816,False
2021,2615607,Trindade,31103,False
2022,2615607,Trindade,31431,True
2023,2615607,Trindade,31758,True
2024,2615607,Trindade,32086,False
2015,2615706,Triunfo,15250,False
2016,2615706,Triunfo,15235,False
2017,2615706,Triunfo,15221,False
2018,2615706,Triunfo,15265,False
2019,2615706,Triunfo,15254,False
2020,2615706,Triunfo,15243,False
2021,2615706,Triunfo,15232,False
2022,2615706,Triunfo,15202,True
2023,2615706,Triunfo,15172,True
2024,2615706,Triunfo,15142,False
2015,2615805,Tupanatinga,26454,False
2016,2615805,Tupanatinga,26727,False
2017,2615805,Tupanatinga,26990,False
2018,2615805,Tupanatinga,27052,False
2019,2615805,Tupanatinga,27304,False
2020,2615805,Tupanatinga,27551,False
2021,2615805,Tupanatinga,27793,False
2022,2615805,Tupanatinga,27532,True
2023,2615805,Tupanatinga,27270,True
2024,2615805,Tupanatinga,27009,False
2015,2615904,Tuparetama,8149,False
2016,2615904,Tuparetama,8159,False
2017,2615904,Tuparetama,8169,False
2018,2615904,Tuparetama,8192,False
2019,2615904,Tuparetama,8202,False
2020,2615904,Tuparetama,8256,False
2021,2615904,Tuparetama,8266,False
2022,2615904,Tuparetama,8261,True
2023,2615904,Tuparetama,8257,True
2024,2615904,Tuparetama,8252,False
2015,2616001,Venturosa,17870,False
2016,2616001,Venturosa,18067,False
2017,2616001,Venturosa,18258,False
2018,2616001,Venturosa,18298,False
2019,2616001,Venturosa,18482,False
2020,2616001,Venturosa,18661,False
2021,2616001,Venturosa,18835,False
2022,2616001,Venturosa,18426,True
2023,2616001,Venturosa,18018,True
2024,2616001,Venturosa,17609,False
2015,2616100,Verdejante,9450,False
2016,2616100,Verdejante,9471,False
2017,2616100,Verdejante,9490,False
2018,2616100,Verdejante,9514,False
2019,2616100,Verdejante,9534,False
2020,2616100,Verdejante,9553,False
2021,2616100,Verdejante,9572,False
2022,2616100,Verdejante,9539,True
2023,2616100,Verdejante,9507,True
2024,2616100,Verdejante,9474,False
2015,2616183,Vertente do Lério,7746,False
2016,2616183,Vertente do Lério,7693,False
2017,2616183,Vertente do Lério,7641,False
2018,2616183,Vertente do Lério,7666,False
2019,2616183,Vertente do Lério,7618,False
2020,2616183,Vertente do Lério,7571,False
2021,2616183,Vertente do Lério,7526,False
2022,2616183,Vertente do Lério,7611,True
2023,2616183,Vertente do Lério,7697,True
2024,2616183,Vertente do Lério,7782,False
2015,2616209,Vertentes,19976,False
2016,2616209,Vertentes,20222,False
2017,2616209,Vertentes,20460,False
2018,2616209,Vertentes,20503,False
2019,2616209,Vertentes,20731,False
2020,2616209,Vertentes,20954,False
2021,2616209,Vertentes,21172,False
2022,2616209,Vertentes,21766,True
2023,2616209,Vertentes,22361,True
2024,2616209,Vertentes,22955,False
2015,2616308,Vicência,32157,False
2016,2616308,Vicência,32296,False
2017,2616308,Vicência,32429,False
2018,2616308,Vicência,32513,False
2019,2616308,Vicência,32643,False
2020,2616308,Vicência,32772,False
2021,2616308,Vicência,32897,False
2022,2616308,Vicência,31030,True
2023,2616308,Vicência,29164,True
2024,2616308,Vicência,27297,False
2015,2616407,Vitória de Santo Antão,135805,False
2016,2616407,Vitória de Santo Antão,136706,False
2017,2616407,Vitória de Santo Antão,137578,False
2018,2616407,Vitória de Santo Antão,137915,False
2019,2616407,Vitória de Santo Antão,138757,False
2020,2616407,Vitória de Santo Antão,139583,False
2021,2616407,Vitória de Santo Antão,140389,False
2022,2616407,Vitória de Santo Antão,141526,True
2023,2616407,Vitória de Santo Antão,142662,True
2024,2616407,Vitória de Santo Antão,143799,False
2015,2616506,Xexéu,14584,False
2016,2616506,Xexéu,14618,False
2017,2616506,Xexéu,14651,False
2018,2616506,Xexéu,14691,False
2019,2616506,Xexéu,14725,False
2020,2616506,Xexéu,14757,False
2021,2616506,Xexéu,14789,False
2022,2616506,Xexéu,13790,True
2023,2616506,Xexéu,12790,True
2024,2616506,Xexéu,11791,False
2015,2600401,Água Preta,35698,False
2016,2600401,Água Preta,36040,False
2017,2600401,Água Preta,36371,False
2018,2600401,Água Preta,36454,False
2019,2600401,Água Preta,36771,False
2020,2600401,Água Preta,37082,False
2021,2600401,Água Preta,37386,False
2022,2600401,Água Preta,33998,True
2023,2600401,Água Preta,30609,True
2024,2600401,Água Preta,27221,False
2015,2600500,Águas Belas,42566,False
2016,2600500,Águas Belas,42831,False
2017,2600500,Águas Belas,43087,False
2018,2600500,Águas Belas,43195,False
2019,2600500,Águas Belas,43443,False
2020,2600500,Águas Belas,43686,False
2021,2600500,Águas Belas,43923,False
2022,2600500,Águas Belas,43853,True
2023,2600500,Águas Belas,43783,True
2024,2600500,Águas Belas,43713,False
