ano,indicador,casos,codigo_ibge
2015,taxaDengue,998,2600054
2015,taxaDengue,818,2600104
2015,taxaDengue,76,2600203
2015,taxaDengue,62,2600302
2015,taxaDengue,16,2600401
2015,taxaDengue,1085,2600500
2015,taxaDengue,457,2600609
2015,taxaDengue,492,2600708
2015,taxaDengue,210,2600807
2015,taxaDengue,82,2600906
2015,taxaDengue,5,2601003
2015,taxaDengue,170,2601052
2015,taxaDengue,50,2601102
2015,taxaDengue,1510,2601201
2015,taxaDengue,18,2601300
2015,taxaDengue,302,2601409
2015,taxaDengue,3,2601508
2015,taxaDengue,120,2601607
2015,taxaDengue,3217,2601706
2015,taxaDengue,14,2601805
2015,taxaDengue,424,2601904
2015,taxaDengue,19,2602001
2015,taxaDengue,352,2602100
2015,taxaDengue,429,2602209
2015,taxaDengue,58,2602308
2015,taxaDengue,3,2602407
2015,taxaDengue,43,2602506
2015,taxaDengue,623,2602605
2015,taxaDengue,199,2602704
2015,taxaDengue,839,2602803
2015,taxaDengue,2097,2602902
2015,taxaDengue,42,2603009
2015,taxaDengue,10,2603108
2015,taxaDengue,111,2603207
2015,taxaDengue,83,2603306
2015,taxaDengue,5728,2603454
2015,taxaDengue,9,2603504
2015,taxaDengue,25,2603603
2015,taxaDengue,14,2603702
2015,taxaDengue,9,2603801
2015,taxaDengue,305,2603900
2015,taxaDengue,9,2603926
2015,taxaDengue,2080,2604007
2015,taxaDengue,705,2604106
2015,taxaDengue,186,2604155
2015,taxaDengue,27,2604205
2015,taxaDengue,8,2604304
2015,taxaDengue,52,2604403
2015,taxaDengue,278,2604502
2015,taxaDengue,829,2604601
2015,taxaDengue,82,2604700
2015,taxaDengue,20,2604809
2015,taxaDengue,125,2604908
2015,taxaDengue,19,2605004
2015,taxaDengue,273,2605103
2015,taxaDengue,95,2605152
2015,taxaDengue,285,2605202
2015,taxaDengue,11,2605301
2015,taxaDengue,76,2605400
2015,taxaDengue,166,2605459
2015,taxaDengue,13,2605509
2015,taxaDengue,102,2605608
2015,taxaDengue,52,2605707
2015,taxaDengue,164,2605806
2015,taxaDengue,30,2605905
2015,taxaDengue,1131,2606002
2015,taxaDengue,138,2606101
2015,taxaDengue,3742,2606200
2015,taxaDengue,1,2606309
2015,taxaDengue,33,2606408
2015,taxaDengue,1415,2606507
2015,taxaDengue,107,2606606
2015,taxaDengue,1321,2606804
2015,taxaDengue,190,2606903
2015,taxaDengue,416,2607000
2015,taxaDengue,20,2607109
2015,taxaDengue,429,2607208
2015,taxaDengue,72,2607307
2015,taxaDengue,2,2607406
2015,taxaDengue,429,2607505
2015,taxaDengue,275,2607604
2015,taxaDengue,619,2607653
2015,taxaDengue,426,2607703
2015,taxaDengue,22,2607752
2015,taxaDengue,421,2607802
2015,taxaDengue,6477,2607901
2015,taxaDengue,169,2607950
2015,taxaDengue,1419,2608008
2015,taxaDengue,44,2608057
2015,taxaDengue,1830,2608107
2015,taxaDengue,8,2608206
2015,taxaDengue,18,2608255
2015,taxaDengue,29,2608305
2015,taxaDengue,4,2608404
2015,taxaDengue,373,2608453
2015,taxaDengue,297,2608503
2015,taxaDengue,21,2608602
2015,taxaDengue,5,2608701
2015,taxaDengue,22,2608750
2015,taxaDengue,20,2608800
2015,taxaDengue,3012,2608909
2015,taxaDengue,557,2609006
2015,taxaDengue,79,2609105
2015,taxaDengue,152,2609154
2015,taxaDengue,19,2609204
2015,taxaDengue,20,2609303
2015,taxaDengue,1154,2609402
2015,taxaDengue,96,2609501
2015,taxaDengue,3610,2609600
2015,taxaDengue,159,2609709
2015,taxaDengue,6,2609808
2015,taxaDengue,23,2609907
2015,taxaDengue,137,2610004
2015,taxaDengue,41,2610103
2015,taxaDengue,47,2610202
2015,taxaDengue,25,2610301
2015,taxaDengue,19,2610400
2015,taxaDengue,511,2610509
2015,taxaDengue,234,2610608
2015,taxaDengue,2212,2610707
2015,taxaDengue,915,2610806
2015,taxaDengue,1895,2610905
2015,taxaDengue,52,2611002
2015,taxaDengue,1583,2611101
2015,taxaDengue,555,2611200
2015,taxaDengue,115,2611309
2015,taxaDengue,52,2611408
2015,taxaDengue,128,2611507
2015,taxaDengue,13,2611533
2015,taxaDengue,26682,2611606
2015,taxaDengue,148,2611705
2015,taxaDengue,230,2611804
2015,taxaDengue,5,2611903
2015,taxaDengue,17,2612000
2015,taxaDengue,117,2612109
2015,taxaDengue,277,2612208
2015,taxaDengue,28,2612307
2015,taxaDengue,759,2612406
2015,taxaDengue,5,2612455
2015,taxaDengue,354,2612471
2015,taxaDengue,97,2612505
2015,taxaDengue,15,2612554
2015,taxaDengue,16,2612604
2015,taxaDengue,111,2612703
2015,taxaDengue,122,2612802
2015,taxaDengue,2,2612901
2015,taxaDengue,983,2613008
2015,taxaDengue,38,2613107
2015,taxaDengue,64,2613206
2015,taxaDengue,66,2613305
2015,taxaDengue,117,2613404
2015,taxaDengue,115,2613503
2015,taxaDengue,839,2613602
2015,taxaDengue,462,2613701
2015,taxaDengue,22,2613800
2015,taxaDengue,441,2613909
2015,taxaDengue,60,2614006
2015,taxaDengue,148,2614105
2015,taxaDengue,11,2614204
2015,taxaDengue,1,2614303
2015,taxaDengue,27,2614402
2015,taxaDengue,2355,2614501
2015,taxaDengue,508,2614600
2015,taxaDengue,28,2614709
2015,taxaDengue,527,2614808
2015,taxaDengue,25,2614857
2015,taxaDengue,512,2615003
2015,taxaDengue,7,2615102
2015,taxaDengue,30,2615201
2015,taxaDengue,573,2615300
2015,taxaDengue,266,2615409
2015,taxaDengue,13,2615508
2015,taxaDengue,38,2615607
2015,taxaDengue,1,2615706
2015,taxaDengue,218,2615805
2015,taxaDengue,29,2615904
2015,taxaDengue,426,2616001
2015,taxaDengue,104,2616100
2015,taxaDengue,72,2616183
2015,taxaDengue,81,2616209
2015,taxaDengue,216,2616308
2015,taxaDengue,1339,2616407
2015,taxaDengue,3,2616506
2016,taxaDengue,106,2600054
2016,taxaDengue,650,2600104
2016,taxaDengue,2,2600203
2016,taxaDengue,227,2600302
2016,taxaDengue,15,2600401
2016,taxaDengue,70,2600500
2016,taxaDengue,407,2600609
2016,taxaDengue,116,2600708
2016,taxaDengue,195,2600807
2016,taxaDengue,50,2600906
2016,taxaDengue,49,2601003
2016,taxaDengue,348,2601052
2016,taxaDengue,57,2601102
2016,taxaDengue,33,2601201
2016,taxaDengue,22,2601300
2016,taxaDengue,193,2601409
2016,taxaDengue,1,2601508
2016,taxaDengue,55,2601607
2016,taxaDengue,1384,2601706
2016,taxaDengue,16,2601805
2016,taxaDengue,566,2601904
2016,taxaDengue,13,2602001
2016,taxaDengue,504,2602100
2016,taxaDengue,75,2602209
2016,taxaDengue,8,2602308
2016,taxaDengue,19,2602407
2016,taxaDengue,7,2602506
2016,taxaDengue,314,2602605
2016,taxaDengue,60,2602704
2016,taxaDengue,526,2602803
2016,taxaDengue,1740,2602902
2016,taxaDengue,31,2603009
2016,taxaDengue,25,2603108
2016,taxaDengue,417,2603207
2016,taxaDengue,25,2603306
2016,taxaDengue,14,2603405
2016,taxaDengue,763,2603454
2016,taxaDengue,8,2603504
2016,taxaDengue,135,2603603
2016,taxaDengue,58,2603702
2016,taxaDengue,48,2603801
2016,taxaDengue,213,2603900
2016,taxaDengue,5,2603926
2016,taxaDengue,1257,2604007
2016,taxaDengue,801,2604106
2016,taxaDengue,195,2604155
2016,taxaDengue,39,2604205
2016,taxaDengue,118,2604304
2016,taxaDengue,11,2604403
2016,taxaDengue,65,2604502
2016,taxaDengue,967,2604601
2016,taxaDengue,21,2604700
2016,taxaDengue,3,2604809
2016,taxaDengue,18,2604908
2016,taxaDengue,10,2605004
2016,taxaDengue,10,2605103
2016,taxaDengue,338,2605202
2016,taxaDengue,63,2605301
2016,taxaDengue,78,2605400
2016,taxaDengue,179,2605459
2016,taxaDengue,13,2605509
2016,taxaDengue,50,2605608
2016,taxaDengue,24,2605707
2016,taxaDengue,43,2605806
2016,taxaDengue,67,2605905
2016,taxaDengue,2785,2606002
2016,taxaDengue,46,2606101
2016,taxaDengue,3250,2606200
2016,taxaDengue,11,2606309
2016,taxaDengue,587,2606408
2016,taxaDengue,116,2606507
2016,taxaDengue,12,2606606
2016,taxaDengue,2,2606705
2016,taxaDengue,280,2606804
2016,taxaDengue,43,2606903
2016,taxaDengue,20,2607000
2016,taxaDengue,17,2607109
2016,taxaDengue,372,2607208
2016,taxaDengue,33,2607307
2016,taxaDengue,10,2607406
2016,taxaDengue,180,2607505
2016,taxaDengue,417,2607604
2016,taxaDengue,685,2607653
2016,taxaDengue,95,2607703
2016,taxaDengue,56,2607752
2016,taxaDengue,50,2607802
2016,taxaDengue,4022,2607901
2016,taxaDengue,85,2607950
2016,taxaDengue,569,2608008
2016,taxaDengue,18,2608057
2016,taxaDengue,662,2608107
2016,taxaDengue,15,2608206
2016,taxaDengue,169,2608255
2016,taxaDengue,94,2608305
2016,taxaDengue,14,2608404
2016,taxaDengue,335,2608453
2016,taxaDengue,19,2608503
2016,taxaDengue,5,2608602
2016,taxaDengue,4,2608701
2016,taxaDengue,201,2608750
2016,taxaDengue,113,2608800
2016,taxaDengue,145,2608909
2016,taxaDengue,27,2609006
2016,taxaDengue,11,2609105
2016,taxaDengue,36,2609154
2016,taxaDengue,34,2609204
2016,taxaDengue,89,2609303
2016,taxaDengue,967,2609402
2016,taxaDengue,17,2609501
2016,taxaDengue,1726,2609600
2016,taxaDengue,229,2609709
2016,taxaDengue,3,2609808
2016,taxaDengue,13,2609907
2016,taxaDengue,219,2610004
2016,taxaDengue,20,2610103
2016,taxaDengue,44,2610202
2016,taxaDengue,41,2610301
2016,taxaDengue,15,2610400
2016,taxaDengue,42,2610509
2016,taxaDengue,55,2610608
2016,taxaDengue,1142,2610707
2016,taxaDengue,22,2610806
2016,taxaDengue,607,2610905
2016,taxaDengue,80,2611002
2016,taxaDengue,356,2611101
2016,taxaDengue,634,2611200
2016,taxaDengue,166,2611309
2016,taxaDengue,40,2611408
2016,taxaDengue,113,2611507
2016,taxaDengue,14442,2611606
2016,taxaDengue,20,2611705
2016,taxaDengue,104,2611804
2016,taxaDengue,70,2611903
2016,taxaDengue,5,2612109
2016,taxaDengue,280,2612208
2016,taxaDengue,46,2612307
2016,taxaDengue,224,2612406
2016,taxaDengue,1,2612455
2016,taxaDengue,77,2612471
2016,taxaDengue,30,2612505
2016,taxaDengue,11,2612554
2016,taxaDengue,3,2612604
2016,taxaDengue,13,2612703
2016,taxaDengue,241,2612802
2016,taxaDengue,6,2612901
2016,taxaDengue,28,2613008
2016,taxaDengue,17,2613107
2016,taxaDengue,397,2613206
2016,taxaDengue,73,2613305
2016,taxaDengue,66,2613404
2016,taxaDengue,21,2613503
2016,taxaDengue,1077,2613701
2016,taxaDengue,40,2613800
2016,taxaDengue,211,2613909
2016,taxaDengue,53,2614006
2016,taxaDengue,809,2614105
2016,taxaDengue,93,2614204
2016,taxaDengue,1,2614303
2016,taxaDengue,36,2614402
2016,taxaDengue,40,2614501
2016,taxaDengue,92,2614600
2016,taxaDengue,4,2614709
2016,taxaDengue,40,2614808
2016,taxaDengue,49,2614857
2016,taxaDengue,34,2615003
2016,taxaDengue,1,2615102
2016,taxaDengue,4,2615201
2016,taxaDengue,775,2615300
2016,taxaDengue,9,2615409
2016,taxaDengue,697,2615508
2016,taxaDengue,8,2615607
2016,taxaDengue,95,2615706
2016,taxaDengue,241,2615805
2016,taxaDengue,7,2615904
2016,taxaDengue,18,2616001
2016,taxaDengue,11,2616100
2016,taxaDengue,202,2616183
2016,taxaDengue,38,2616209
2016,taxaDengue,204,2616308
2016,taxaDengue,1300,2616407
2016,taxaDengue,22,2616506
2017,taxaDengue,55,2600054
2017,taxaDengue,34,2600104
2017,taxaDengue,1,2600203
2017,taxaDengue,3,2600302
2017,taxaDengue,2,2600401
2017,taxaDengue,10,2600500
2017,taxaDengue,9,2600708
2017,taxaDengue,99,2600807
2017,taxaDengue,2,2600906
2017,taxaDengue,44,2601003
2017,taxaDengue,4,2601052
2017,taxaDengue,1,2601102
2017,taxaDengue,4,2601201
2017,taxaDengue,15,2601300
2017,taxaDengue,9,2601409
2017,taxaDengue,575,2601706
2017,taxaDengue,21,2601904
2017,taxaDengue,4,2602001
2017,taxaDengue,48,2602100
2017,taxaDengue,29,2602209
2017,taxaDengue,13,2602308
2017,taxaDengue,12,2602407
2017,taxaDengue,2,2602506
2017,taxaDengue,233,2602605
2017,taxaDengue,6,2602704
2017,taxaDengue,3,2602803
2017,taxaDengue,619,2602902
2017,taxaDengue,18,2603108
2017,taxaDengue,144,2603207
2017,taxaDengue,36,2603306
2017,taxaDengue,1,2603405
2017,taxaDengue,114,2603454
2017,taxaDengue,2,2603504
2017,taxaDengue,8,2603702
2017,taxaDengue,6,2603801
2017,taxaDengue,2,2603900
2017,taxaDengue,53,2604007
2017,taxaDengue,149,2604106
2017,taxaDengue,32,2604155
2017,taxaDengue,4,2604205
2017,taxaDengue,1,2604304
2017,taxaDengue,3,2604403
2017,taxaDengue,17,2604502
2017,taxaDengue,26,2604601
2017,taxaDengue,3,2604700
2017,taxaDengue,12,2604908
2017,taxaDengue,3,2605004
2017,taxaDengue,6,2605103
2017,taxaDengue,39,2605202
2017,taxaDengue,3,2605301
2017,taxaDengue,34,2605400
2017,taxaDengue,2,2605459
2017,taxaDengue,4,2605509
2017,taxaDengue,2,2605608
2017,taxaDengue,1,2605707
2017,taxaDengue,9,2605806
2017,taxaDengue,3,2605905
2017,taxaDengue,312,2606002
2017,taxaDengue,6,2606101
2017,taxaDengue,93,2606200
2017,taxaDengue,99,2606408
2017,taxaDengue,42,2606507
2017,taxaDengue,4,2606606
2017,taxaDengue,3,2606705
2017,taxaDengue,54,2606804
2017,taxaDengue,1,2606903
2017,taxaDengue,5,2607109
2017,taxaDengue,5,2607208
2017,taxaDengue,1,2607406
2017,taxaDengue,33,2607505
2017,taxaDengue,17,2607604
2017,taxaDengue,1,2607653
2017,taxaDengue,2,2607703
2017,taxaDengue,1,2607752
2017,taxaDengue,6,2607802
2017,taxaDengue,186,2607901
2017,taxaDengue,48,2607950
2017,taxaDengue,132,2608008
2017,taxaDengue,2,2608057
2017,taxaDengue,17,2608107
2017,taxaDengue,2,2608206
2017,taxaDengue,3,2608305
2017,taxaDengue,3,2608404
2017,taxaDengue,11,2608453
2017,taxaDengue,6,2608503
2017,taxaDengue,3,2608602
2017,taxaDengue,4,2608701
2017,taxaDengue,7,2608750
2017,taxaDengue,689,2608800
2017,taxaDengue,2,2608909
2017,taxaDengue,22,2609105
2017,taxaDengue,3,2609154
2017,taxaDengue,1,2609204
2017,taxaDengue,10,2609402
2017,taxaDengue,3,2609501
2017,taxaDengue,585,2609600
2017,taxaDengue,22,2609709
2017,taxaDengue,1,2609808
2017,taxaDengue,1,2609907
2017,taxaDengue,27,2610004
2017,taxaDengue,4,2610103
2017,taxaDengue,18,2610202
2017,taxaDengue,16,2610301
2017,taxaDengue,20,2610509
2017,taxaDengue,24,2610608
2017,taxaDengue,232,2610707
2017,taxaDengue,31,2610806
2017,taxaDengue,100,2610905
2017,taxaDengue,3,2611002
2017,taxaDengue,33,2611101
2017,taxaDengue,25,2611200
2017,taxaDengue,2,2611309
2017,taxaDengue,2,2611408
2017,taxaDengue,6,2611507
2017,taxaDengue,950,2611606
2017,taxaDengue,3,2611705
2017,taxaDengue,12,2611804
2017,taxaDengue,21,2611903
2017,taxaDengue,1,2612109
2017,taxaDengue,5,2612208
2017,taxaDengue,11,2612307
2017,taxaDengue,21,2612406
2017,taxaDengue,1,2612455
2017,taxaDengue,3,2612471
2017,taxaDengue,76,2612505
2017,taxaDengue,2,2612554
2017,taxaDengue,1,2612604
2017,taxaDengue,14,2612703
2017,taxaDengue,27,2612802
2017,taxaDengue,1,2612901
2017,taxaDengue,38,2613008
2017,taxaDengue,8,2613107
2017,taxaDengue,225,2613206
2017,taxaDengue,11,2613305
2017,taxaDengue,2,2613404
2017,taxaDengue,6,2613503
2017,taxaDengue,1,2613602
2017,taxaDengue,49,2613701
2017,taxaDengue,28,2613800
2017,taxaDengue,3,2613909
2017,taxaDengue,5,2614105
2017,taxaDengue,45,2614204
2017,taxaDengue,3,2614303
2017,taxaDengue,3,2614402
2017,taxaDengue,214,2614501
2017,taxaDengue,3,2614600
2017,taxaDengue,53,2614709
2017,taxaDengue,3,2614808
2017,taxaDengue,2,2614857
2017,taxaDengue,4,2615003
2017,taxaDengue,17,2615300
2017,taxaDengue,115,2615409
2017,taxaDengue,1,2615508
2017,taxaDengue,1,2615607
2017,taxaDengue,2,2615706
2017,taxaDengue,10,2615805
2017,taxaDengue,29,2616001
2017,taxaDengue,6,2616183
2017,taxaDengue,95,2616209
2017,taxaDengue,8,2616308
2017,taxaDengue,49,2616407
2017,taxaDengue,10,2616506
2018,taxaDengue,184,2600054
2018,taxaDengue,446,2600104
2018,taxaDengue,2,2600203
2018,taxaDengue,8,2600302
2018,taxaDengue,14,2600401
2018,taxaDengue,6,2600500
2018,taxaDengue,1,2600609
2018,taxaDengue,7,2600708
2018,taxaDengue,5,2600807
2018,taxaDengue,41,2600906
2018,taxaDengue,6,2601052
2018,taxaDengue,3,2601102
2018,taxaDengue,34,2601201
2018,taxaDengue,26,2601300
2018,taxaDengue,17,2601409
2018,taxaDengue,3,2601607
2018,taxaDengue,171,2601706
2018,taxaDengue,2,2601805
2018,taxaDengue,66,2601904
2018,taxaDengue,7,2602001
2018,taxaDengue,2,2602100
2018,taxaDengue,152,2602209
2018,taxaDengue,51,2602308
2018,taxaDengue,6,2602407
2018,taxaDengue,1,2602506
2018,taxaDengue,41,2602605
2018,taxaDengue,2,2602704
2018,taxaDengue,9,2602803
2018,taxaDengue,1315,2602902
2018,taxaDengue,2,2603009
2018,taxaDengue,2,2603108
2018,taxaDengue,416,2603207
2018,taxaDengue,2,2603306
2018,taxaDengue,1,2603405
2018,taxaDengue,261,2603454
2018,taxaDengue,6,2603504
2018,taxaDengue,1,2603603
2018,taxaDengue,8,2603702
2018,taxaDengue,12,2603801
2018,taxaDengue,88,2603900
2018,taxaDengue,1,2603926
2018,taxaDengue,84,2604007
2018,taxaDengue,191,2604106
2018,taxaDengue,15,2604155
2018,taxaDengue,10,2604205
2018,taxaDengue,4,2604304
2018,taxaDengue,13,2604403
2018,taxaDengue,24,2604502
2018,taxaDengue,11,2604601
2018,taxaDengue,6,2604700
2018,taxaDengue,7,2604809
2018,taxaDengue,36,2604908
2018,taxaDengue,1,2605004
2018,taxaDengue,9,2605103
2018,taxaDengue,3,2605152
2018,taxaDengue,522,2605202
2018,taxaDengue,4,2605301
2018,taxaDengue,38,2605400
2018,taxaDengue,32,2605459
2018,taxaDengue,6,2605509
2018,taxaDengue,2,2605806
2018,taxaDengue,1,2605905
2018,taxaDengue,34,2606002
2018,taxaDengue,20,2606101
2018,taxaDengue,68,2606200
2018,taxaDengue,1,2606309
2018,taxaDengue,678,2606408
2018,taxaDengue,1,2606507
2018,taxaDengue,5,2606606
2018,taxaDengue,75,2606804
2018,taxaDengue,2,2606903
2018,taxaDengue,13,2607109
2018,taxaDengue,47,2607208
2018,taxaDengue,2,2607307
2018,taxaDengue,1,2607406
2018,taxaDengue,4,2607505
2018,taxaDengue,16,2607604
2018,taxaDengue,4,2607653
2018,taxaDengue,5,2607703
2018,taxaDengue,2,2607752
2018,taxaDengue,5,2607802
2018,taxaDengue,778,2607901
2018,taxaDengue,3,2607950
2018,taxaDengue,224,2608008
2018,taxaDengue,23,2608107
2018,taxaDengue,2,2608206
2018,taxaDengue,2,2608255
2018,taxaDengue,1,2608305
2018,taxaDengue,40,2608453
2018,taxaDengue,2,2608503
2018,taxaDengue,1,2608602
2018,taxaDengue,1,2608701
2018,taxaDengue,4,2608750
2018,taxaDengue,19,2608800
2018,taxaDengue,37,2608909
2018,taxaDengue,14,2609006
2018,taxaDengue,177,2609105
2018,taxaDengue,2,2609154
2018,taxaDengue,2,2609204
2018,taxaDengue,5,2609303
2018,taxaDengue,136,2609402
2018,taxaDengue,2,2609501
2018,taxaDengue,574,2609600
2018,taxaDengue,57,2609709
2018,taxaDengue,2,2609907
2018,taxaDengue,71,2610004
2018,taxaDengue,4,2610103
2018,taxaDengue,4,2610202
2018,taxaDengue,9,2610301
2018,taxaDengue,15,2610400
2018,taxaDengue,157,2610509
2018,taxaDengue,45,2610608
2018,taxaDengue,397,2610707
2018,taxaDengue,18,2610806
2018,taxaDengue,32,2610905
2018,taxaDengue,4,2611002
2018,taxaDengue,148,2611101
2018,taxaDengue,3,2611200
2018,taxaDengue,13,2611309
2018,taxaDengue,21,2611408
2018,taxaDengue,8,2611507
2018,taxaDengue,1,2611533
2018,taxaDengue,1185,2611606
2018,taxaDengue,5,2611705
2018,taxaDengue,22,2611804
2018,taxaDengue,2,2611903
2018,taxaDengue,29,2612000
2018,taxaDengue,229,2612208
2018,taxaDengue,2,2612307
2018,taxaDengue,1,2612406
2018,taxaDengue,2,2612455
2018,taxaDengue,6,2612471
2018,taxaDengue,78,2612505
2018,taxaDengue,1,2612554
2018,taxaDengue,5,2612604
2018,taxaDengue,5,2612703
2018,taxaDengue,2,2612802
2018,taxaDengue,2,2612901
2018,taxaDengue,13,2613008
2018,taxaDengue,5,2613107
2018,taxaDengue,22,2613206
2018,taxaDengue,9,2613305
2018,taxaDengue,4,2613404
2018,taxaDengue,4,2613503
2018,taxaDengue,3,2613602
2018,taxaDengue,269,2613701
2018,taxaDengue,3,2613800
2018,taxaDengue,14,2613909
2018,taxaDengue,2,2614006
2018,taxaDengue,1,2614105
2018,taxaDengue,18,2614204
2018,taxaDengue,1,2614303
2018,taxaDengue,6,2614402
2018,taxaDengue,20,2614501
2018,taxaDengue,16,2614600
2018,taxaDengue,8,2614709
2018,taxaDengue,1,2614808
2018,taxaDengue,4,2614857
2018,taxaDengue,8,2615003
2018,taxaDengue,1,2615201
2018,taxaDengue,30,2615300
2018,taxaDengue,3,2615409
2018,taxaDengue,3,2615508
2018,taxaDengue,2,2615607
2018,taxaDengue,3,2615706
2018,taxaDengue,6,2615805
2018,taxaDengue,1,2615904
2018,taxaDengue,36,2616001
2018,taxaDengue,2,2616183
2018,taxaDengue,4,2616209
2018,taxaDengue,6,2616308
2018,taxaDengue,528,2616407
2018,taxaDengue,11,2616506
2019,taxaDengue,1159,2600054
2019,taxaDengue,642,2600104
2019,taxaDengue,54,2600203
2019,taxaDengue,25,2600302
2019,taxaDengue,9,2600401
2019,taxaDengue,21,2600500
2019,taxaDengue,9,2600609
2019,taxaDengue,50,2600708
2019,taxaDengue,9,2600807
2019,taxaDengue,14,2600906
2019,taxaDengue,40,2601003
2019,taxaDengue,51,2601052
2019,taxaDengue,10,2601102
2019,taxaDengue,65,2601201
2019,taxaDengue,24,2601300
2019,taxaDengue,48,2601409
2019,taxaDengue,3,2601508
2019,taxaDengue,136,2601607
2019,taxaDengue,258,2601706
2019,taxaDengue,24,2601805
2019,taxaDengue,8,2601904
2019,taxaDengue,5,2602001
2019,taxaDengue,212,2602100
2019,taxaDengue,21,2602209
2019,taxaDengue,25,2602308
2019,taxaDengue,107,2602407
2019,taxaDengue,26,2602506
2019,taxaDengue,58,2602605
2019,taxaDengue,8,2602704
2019,taxaDengue,202,2602803
2019,taxaDengue,2108,2602902
2019,taxaDengue,283,2603009
2019,taxaDengue,1,2603108
2019,taxaDengue,145,2603207
2019,taxaDengue,22,2603306
2019,taxaDengue,11,2603405
2019,taxaDengue,408,2603454
2019,taxaDengue,131,2603504
2019,taxaDengue,11,2603603
2019,taxaDengue,9,2603702
2019,taxaDengue,12,2603801
2019,taxaDengue,180,2603900
2019,taxaDengue,15,2603926
2019,taxaDengue,345,2604007
2019,taxaDengue,129,2604106
2019,taxaDengue,1,2604155
2019,taxaDengue,75,2604205
2019,taxaDengue,87,2604304
2019,taxaDengue,25,2604403
2019,taxaDengue,89,2604502
2019,taxaDengue,13,2604601
2019,taxaDengue,44,2604700
2019,taxaDengue,30,2604809
2019,taxaDengue,9,2604908
2019,taxaDengue,54,2605004
2019,taxaDengue,239,2605103
2019,taxaDengue,141,2605152
2019,taxaDengue,47,2605202
2019,taxaDengue,4,2605301
2019,taxaDengue,27,2605400
2019,taxaDengue,100,2605459
2019,taxaDengue,23,2605509
2019,taxaDengue,80,2605608
2019,taxaDengue,16,2605707
2019,taxaDengue,6,2605806
2019,taxaDengue,20,2605905
2019,taxaDengue,489,2606002
2019,taxaDengue,26,2606101
2019,taxaDengue,952,2606200
2019,taxaDengue,1,2606309
2019,taxaDengue,49,2606408
2019,taxaDengue,11,2606507
2019,taxaDengue,91,2606606
2019,taxaDengue,1770,2606804
2019,taxaDengue,37,2606903
2019,taxaDengue,36,2607000
2019,taxaDengue,152,2607109
2019,taxaDengue,231,2607208
2019,taxaDengue,1,2607307
2019,taxaDengue,29,2607406
2019,taxaDengue,15,2607505
2019,taxaDengue,138,2607604
2019,taxaDengue,17,2607653
2019,taxaDengue,71,2607703
2019,taxaDengue,42,2607752
2019,taxaDengue,1,2607802
2019,taxaDengue,4773,2607901
2019,taxaDengue,85,2607950
2019,taxaDengue,80,2608008
2019,taxaDengue,6,2608057
2019,taxaDengue,22,2608107
2019,taxaDengue,90,2608206
2019,taxaDengue,7,2608255
2019,taxaDengue,2,2608305
2019,taxaDengue,9,2608404
2019,taxaDengue,34,2608453
2019,taxaDengue,14,2608503
2019,taxaDengue,150,2608602
2019,taxaDengue,61,2608701
2019,taxaDengue,36,2608750
2019,taxaDengue,22,2608800
2019,taxaDengue,330,2608909
2019,taxaDengue,54,2609006
2019,taxaDengue,16,2609105
2019,taxaDengue,13,2609154
2019,taxaDengue,24,2609204
2019,taxaDengue,140,2609303
2019,taxaDengue,136,2609402
2019,taxaDengue,83,2609501
2019,taxaDengue,1416,2609600
2019,taxaDengue,58,2609709
2019,taxaDengue,37,2609808
2019,taxaDengue,15,2609907
2019,taxaDengue,259,2610004
2019,taxaDengue,47,2610103
2019,taxaDengue,138,2610202
2019,taxaDengue,93,2610301
2019,taxaDengue,225,2610400
2019,taxaDengue,46,2610509
2019,taxaDengue,285,2610608
2019,taxaDengue,1268,2610707
2019,taxaDengue,72,2610806
2019,taxaDengue,250,2610905
2019,taxaDengue,9,2611002
2019,taxaDengue,1591,2611101
2019,taxaDengue,6,2611200
2019,taxaDengue,121,2611309
2019,taxaDengue,2,2611408
2019,taxaDengue,135,2611507
2019,taxaDengue,5,2611533
2019,taxaDengue,4669,2611606
2019,taxaDengue,2,2611705
2019,taxaDengue,75,2611804
2019,taxaDengue,175,2611903
2019,taxaDengue,4,2612000
2019,taxaDengue,7,2612109
2019,taxaDengue,2988,2612208
2019,taxaDengue,12,2612307
2019,taxaDengue,10,2612406
2019,taxaDengue,10,2612455
2019,taxaDengue,31,2612471
2019,taxaDengue,32,2612505
2019,taxaDengue,1,2612554
2019,taxaDengue,9,2612604
2019,taxaDengue,5,2612703
2019,taxaDengue,8,2612802
2019,taxaDengue,6,2612901
2019,taxaDengue,12,2613008
2019,taxaDengue,9,2613107
2019,taxaDengue,83,2613206
2019,taxaDengue,36,2613305
2019,taxaDengue,85,2613404
2019,taxaDengue,196,2613503
2019,taxaDengue,120,2613602
2019,taxaDengue,649,2613701
2019,taxaDengue,70,2613800
2019,taxaDengue,955,2613909
2019,taxaDengue,53,2614006
2019,taxaDengue,443,2614105
2019,taxaDengue,156,2614204
2019,taxaDengue,74,2614303
2019,taxaDengue,151,2614402
2019,taxaDengue,50,2614501
2019,taxaDengue,191,2614600
2019,taxaDengue,7,2614709
2019,taxaDengue,57,2614808
2019,taxaDengue,56,2614857
2019,taxaDengue,6,2615003
2019,taxaDengue,29,2615102
2019,taxaDengue,405,2615201
2019,taxaDengue,192,2615300
2019,taxaDengue,46,2615409
2019,taxaDengue,17,2615508
2019,taxaDengue,16,2615607
2019,taxaDengue,82,2615706
2019,taxaDengue,55,2615805
2019,taxaDengue,17,2615904
2019,taxaDengue,25,2616001
2019,taxaDengue,356,2616100
2019,taxaDengue,12,2616183
2019,taxaDengue,18,2616209
2019,taxaDengue,56,2616308
2019,taxaDengue,205,2616407
2019,taxaDengue,51,2616506
2020,taxaDengue,421,2600054
2020,taxaDengue,196,2600104
2020,taxaDengue,519,2600203
2020,taxaDengue,19,2600302
2020,taxaDengue,10,2600401
2020,taxaDengue,25,2600500
2020,taxaDengue,2,2600609
2020,taxaDengue,16,2600708
2020,taxaDengue,46,2600807
2020,taxaDengue,39,2600906
2020,taxaDengue,9,2601003
2020,taxaDengue,9,2601052
2020,taxaDengue,108,2601102
2020,taxaDengue,32,2601201
2020,taxaDengue,10,2601300
2020,taxaDengue,8,2601409
2020,taxaDengue,74,2601607
2020,taxaDengue,111,2601706
2020,taxaDengue,2,2601805
2020,taxaDengue,2,2601904
2020,taxaDengue,27,2602001
2020,taxaDengue,6,2602100
2020,taxaDengue,6,2602209
2020,taxaDengue,42,2602308
2020,taxaDengue,2,2602407
2020,taxaDengue,11,2602506
2020,taxaDengue,33,2602605
2020,taxaDengue,4,2602704
2020,taxaDengue,68,2602803
2020,taxaDengue,2189,2602902
2020,taxaDengue,31,2603009
2020,taxaDengue,2,2603108
2020,taxaDengue,15,2603207
2020,taxaDengue,1,2603306
2020,taxaDengue,1,2603405
2020,taxaDengue,136,2603454
2020,taxaDengue,1,2603504
2020,taxaDengue,4,2603603
2020,taxaDengue,8,2603702
2020,taxaDengue,21,2603801
2020,taxaDengue,15,2603900
2020,taxaDengue,13,2603926
2020,taxaDengue,6,2604007
2020,taxaDengue,75,2604106
2020,taxaDengue,124,2604155
2020,taxaDengue,2,2604205
2020,taxaDengue,156,2604304
2020,taxaDengue,5,2604403
2020,taxaDengue,14,2604502
2020,taxaDengue,6,2604601
2020,taxaDengue,2,2604700
2020,taxaDengue,1,2604809
2020,taxaDengue,16,2604908
2020,taxaDengue,9,2605004
2020,taxaDengue,61,2605103
2020,taxaDengue,282,2605152
2020,taxaDengue,160,2605202
2020,taxaDengue,43,2605301
2020,taxaDengue,9,2605400
2020,taxaDengue,9,2605459
2020,taxaDengue,1,2605509
2020,taxaDengue,4,2605608
2020,taxaDengue,1,2605707
2020,taxaDengue,19,2605806
2020,taxaDengue,26,2605905
2020,taxaDengue,979,2606002
2020,taxaDengue,2,2606101
2020,taxaDengue,36,2606200
2020,taxaDengue,5,2606309
2020,taxaDengue,195,2606408
2020,taxaDengue,11,2606507
2020,taxaDengue,1,2606705
2020,taxaDengue,581,2606804
2020,taxaDengue,4,2606903
2020,taxaDengue,2,2607000
2020,taxaDengue,5,2607109
2020,taxaDengue,30,2607208
2020,taxaDengue,9,2607307
2020,taxaDengue,4,2607406
2020,taxaDengue,2,2607505
2020,taxaDengue,12,2607604
2020,taxaDengue,4,2607653
2020,taxaDengue,37,2607703
2020,taxaDengue,20,2607752
2020,taxaDengue,4,2607802
2020,taxaDengue,3400,2607901
2020,taxaDengue,7,2607950
2020,taxaDengue,28,2608008
2020,taxaDengue,2,2608057
2020,taxaDengue,23,2608107
2020,taxaDengue,5,2608206
2020,taxaDengue,29,2608255
2020,taxaDengue,61,2608305
2020,taxaDengue,17,2608404
2020,taxaDengue,2,2608453
2020,taxaDengue,4,2608503
2020,taxaDengue,23,2608602
2020,taxaDengue,4,2608701
2020,taxaDengue,85,2608750
2020,taxaDengue,4,2608800
2020,taxaDengue,7,2608909
2020,taxaDengue,3,2609006
2020,taxaDengue,7,2609105
2020,taxaDengue,16,2609204
2020,taxaDengue,15,2609303
2020,taxaDengue,87,2609402
2020,taxaDengue,50,2609501
2020,taxaDengue,633,2609600
2020,taxaDengue,10,2609709
2020,taxaDengue,18,2609808
2020,taxaDengue,33,2609907
2020,taxaDengue,20,2610004
2020,taxaDengue,34,2610103
2020,taxaDengue,65,2610202
2020,taxaDengue,8,2610301
2020,taxaDengue,39,2610400
2020,taxaDengue,15,2610509
2020,taxaDengue,17,2610608
2020,taxaDengue,1451,2610707
2020,taxaDengue,46,2610806
2020,taxaDengue,139,2610905
2020,taxaDengue,5,2611002
2020,taxaDengue,2580,2611101
2020,taxaDengue,1,2611200
2020,taxaDengue,5,2611309
2020,taxaDengue,4,2611408
2020,taxaDengue,55,2611507
2020,taxaDengue,19,2611533
2020,taxaDengue,1636,2611606
2020,taxaDengue,7,2611705
2020,taxaDengue,12,2611804
2020,taxaDengue,56,2611903
2020,taxaDengue,5,2612000
2020,taxaDengue,5,2612109
2020,taxaDengue,894,2612208
2020,taxaDengue,3,2612307
2020,taxaDengue,27,2612406
2020,taxaDengue,14,2612455
2020,taxaDengue,1,2612471
2020,taxaDengue,56,2612505
2020,taxaDengue,2,2612554
2020,taxaDengue,52,2612604
2020,taxaDengue,1,2612703
2020,taxaDengue,12,2612802
2020,taxaDengue,4,2612901
2020,taxaDengue,12,2613008
2020,taxaDengue,17,2613107
2020,taxaDengue,39,2613206
2020,taxaDengue,4,2613305
2020,taxaDengue,7,2613503
2020,taxaDengue,28,2613602
2020,taxaDengue,200,2613701
2020,taxaDengue,4,2613800
2020,taxaDengue,15,2613909
2020,taxaDengue,54,2614006
2020,taxaDengue,16,2614105
2020,taxaDengue,36,2614204
2020,taxaDengue,11,2614303
2020,taxaDengue,1,2614402
2020,taxaDengue,100,2614501
2020,taxaDengue,13,2614600
2020,taxaDengue,2,2614709
2020,taxaDengue,1,2614808
2020,taxaDengue,2,2614857
2020,taxaDengue,8,2615003
2020,taxaDengue,10,2615102
2020,taxaDengue,21,2615201
2020,taxaDengue,20,2615300
2020,taxaDengue,20,2615409
2020,taxaDengue,1,2615508
2020,taxaDengue,47,2615607
2020,taxaDengue,61,2615706
2020,taxaDengue,52,2615805
2020,taxaDengue,6,2615904
2020,taxaDengue,3,2616001
2020,taxaDengue,15,2616100
2020,taxaDengue,21,2616183
2020,taxaDengue,13,2616209
2020,taxaDengue,76,2616407
2020,taxaDengue,1,2616506
2021,taxaDengue,341,2600054
2021,taxaDengue,289,2600104
2021,taxaDengue,30,2600203
2021,taxaDengue,9,2600302
2021,taxaDengue,186,2600401
2021,taxaDengue,5,2600500
2021,taxaDengue,12,2600609
2021,taxaDengue,62,2600708
2021,taxaDengue,18,2600807
2021,taxaDengue,715,2600906
2021,taxaDengue,12,2601003
2021,taxaDengue,815,2601052
2021,taxaDengue,32,2601102
2021,taxaDengue,117,2601201
2021,taxaDengue,43,2601300
2021,taxaDengue,700,2601409
2021,taxaDengue,3,2601508
2021,taxaDengue,11,2601607
2021,taxaDengue,269,2601706
2021,taxaDengue,7,2601805
2021,taxaDengue,11,2601904
2021,taxaDengue,13,2602001
2021,taxaDengue,12,2602100
2021,taxaDengue,355,2602209
2021,taxaDengue,39,2602308
2021,taxaDengue,4,2602407
2021,taxaDengue,24,2602506
2021,taxaDengue,178,2602605
2021,taxaDengue,96,2602704
2021,taxaDengue,51,2602803
2021,taxaDengue,4008,2602902
2021,taxaDengue,118,2603009
2021,taxaDengue,5,2603108
2021,taxaDengue,11,2603207
2021,taxaDengue,5,2603405
2021,taxaDengue,1115,2603454
2021,taxaDengue,12,2603504
2021,taxaDengue,34,2603603
2021,taxaDengue,69,2603702
2021,taxaDengue,5,2603801
2021,taxaDengue,35,2603900
2021,taxaDengue,4,2603926
2021,taxaDengue,536,2604007
2021,taxaDengue,724,2604106
2021,taxaDengue,31,2604155
2021,taxaDengue,41,2604205
2021,taxaDengue,9,2604304
2021,taxaDengue,96,2604403
2021,taxaDengue,57,2604502
2021,taxaDengue,90,2604601
2021,taxaDengue,5,2604700
2021,taxaDengue,8,2604809
2021,taxaDengue,47,2604908
2021,taxaDengue,81,2605004
2021,taxaDengue,62,2605103
2021,taxaDengue,43,2605152
2021,taxaDengue,736,2605202
2021,taxaDengue,69,2605301
2021,taxaDengue,142,2605400
2021,taxaDengue,489,2605459
2021,taxaDengue,25,2605509
2021,taxaDengue,13,2605608
2021,taxaDengue,22,2605707
2021,taxaDengue,67,2605806
2021,taxaDengue,454,2605905
2021,taxaDengue,154,2606002
2021,taxaDengue,97,2606101
2021,taxaDengue,989,2606200
2021,taxaDengue,5,2606309
2021,taxaDengue,2332,2606408
2021,taxaDengue,7,2606507
2021,taxaDengue,6,2606606
2021,taxaDengue,12,2606705
2021,taxaDengue,1412,2606804
2021,taxaDengue,10,2606903
2021,taxaDengue,8,2607000
2021,taxaDengue,28,2607109
2021,taxaDengue,2640,2607208
2021,taxaDengue,14,2607307
2021,taxaDengue,4,2607406
2021,taxaDengue,4,2607505
2021,taxaDengue,139,2607604
2021,taxaDengue,37,2607653
2021,taxaDengue,37,2607703
2021,taxaDengue,41,2607752
2021,taxaDengue,85,2607802
2021,taxaDengue,10302,2607901
2021,taxaDengue,51,2607950
2021,taxaDengue,173,2608008
2021,taxaDengue,6,2608057
2021,taxaDengue,120,2608107
2021,taxaDengue,25,2608206
2021,taxaDengue,9,2608255
2021,taxaDengue,4,2608305
2021,taxaDengue,15,2608404
2021,taxaDengue,500,2608453
2021,taxaDengue,23,2608503
2021,taxaDengue,25,2608602
2021,taxaDengue,63,2608701
2021,taxaDengue,3,2608750
2021,taxaDengue,40,2608800
2021,taxaDengue,1191,2608909
2021,taxaDengue,35,2609006
2021,taxaDengue,53,2609105
2021,taxaDengue,33,2609154
2021,taxaDengue,15,2609204
2021,taxaDengue,59,2609303
2021,taxaDengue,909,2609402
2021,taxaDengue,463,2609501
2021,taxaDengue,1755,2609600
2021,taxaDengue,200,2609709
2021,taxaDengue,8,2609808
2021,taxaDengue,21,2609907
2021,taxaDengue,266,2610004
2021,taxaDengue,24,2610202
2021,taxaDengue,5,2610301
2021,taxaDengue,18,2610400
2021,taxaDengue,336,2610509
2021,taxaDengue,1187,2610608
2021,taxaDengue,2801,2610707
2021,taxaDengue,50,2610806
2021,taxaDengue,14,2610905
2021,taxaDengue,29,2611002
2021,taxaDengue,663,2611101
2021,taxaDengue,7,2611200
2021,taxaDengue,101,2611309
2021,taxaDengue,84,2611408
2021,taxaDengue,48,2611507
2021,taxaDengue,7,2611533
2021,taxaDengue,10812,2611606
2021,taxaDengue,15,2611705
2021,taxaDengue,65,2611804
2021,taxaDengue,596,2611903
2021,taxaDengue,38,2612000
2021,taxaDengue,61,2612109
2021,taxaDengue,64,2612208
2021,taxaDengue,3,2612307
2021,taxaDengue,23,2612406
2021,taxaDengue,10,2612455
2021,taxaDengue,6,2612471
2021,taxaDengue,1069,2612505
2021,taxaDengue,4,2612554
2021,taxaDengue,11,2612604
2021,taxaDengue,5,2612703
2021,taxaDengue,4,2612802
2021,taxaDengue,13,2612901
2021,taxaDengue,117,2613008
2021,taxaDengue,41,2613107
2021,taxaDengue,31,2613305
2021,taxaDengue,39,2613404
2021,taxaDengue,134,2613503
2021,taxaDengue,31,2613602
2021,taxaDengue,238,2613701
2021,taxaDengue,552,2613800
2021,taxaDengue,60,2613909
2021,taxaDengue,4,2614006
2021,taxaDengue,10,2614105
2021,taxaDengue,260,2614204
2021,taxaDengue,5,2614303
2021,taxaDengue,8,2614402
2021,taxaDengue,272,2614501
2021,taxaDengue,33,2614600
2021,taxaDengue,3,2614709
2021,taxaDengue,1,2614808
2021,taxaDengue,161,2614857
2021,taxaDengue,21,2615003
2021,taxaDengue,8,2615102
2021,taxaDengue,22,2615201
2021,taxaDengue,431,2615300
2021,taxaDengue,6,2615409
2021,taxaDengue,319,2615508
2021,taxaDengue,33,2615607
2021,taxaDengue,12,2615706
2021,taxaDengue,12,2615805
2021,taxaDengue,7,2615904
2021,taxaDengue,19,2616001
2021,taxaDengue,19,2616100
2021,taxaDengue,13,2616183
2021,taxaDengue,17,2616209
2021,taxaDengue,430,2616308
2021,taxaDengue,1482,2616407
2021,taxaDengue,45,2616506
2022,taxaDengue,38,2600054
2022,taxaDengue,35,2600104
2022,taxaDengue,129,2600203
2022,taxaDengue,23,2600302
2022,taxaDengue,8,2600401
2022,taxaDengue,15,2600500
2022,taxaDengue,7,2600609
2022,taxaDengue,43,2600708
2022,taxaDengue,131,2600807
2022,taxaDengue,86,2600906
2022,taxaDengue,20,2601003
2022,taxaDengue,308,2601052
2022,taxaDengue,19,2601102
2022,taxaDengue,22,2601201
2022,taxaDengue,124,2601300
2022,taxaDengue,87,2601409
2022,taxaDengue,4,2601508
2022,taxaDengue,21,2601607
2022,taxaDengue,13,2601706
2022,taxaDengue,14,2601805
2022,taxaDengue,8,2601904
2022,taxaDengue,1,2602001
2022,taxaDengue,10,2602100
2022,taxaDengue,58,2602209
2022,taxaDengue,40,2602308
2022,taxaDengue,139,2602407
2022,taxaDengue,22,2602506
2022,taxaDengue,132,2602605
2022,taxaDengue,13,2602704
2022,taxaDengue,504,2602803
2022,taxaDengue,15,2602902
2022,taxaDengue,179,2603009
2022,taxaDengue,6,2603108
2022,taxaDengue,2,2603207
2022,taxaDengue,8,2603306
2022,taxaDengue,11,2603405
2022,taxaDengue,30,2603454
2022,taxaDengue,15,2603504
2022,taxaDengue,12,2603603
2022,taxaDengue,43,2603702
2022,taxaDengue,5,2603801
2022,taxaDengue,131,2603900
2022,taxaDengue,79,2603926
2022,taxaDengue,108,2604007
2022,taxaDengue,149,2604106
2022,taxaDengue,11,2604205
2022,taxaDengue,27,2604304
2022,taxaDengue,3,2604403
2022,taxaDengue,31,2604502
2022,taxaDengue,66,2604601
2022,taxaDengue,89,2604700
2022,taxaDengue,14,2604809
2022,taxaDengue,22,2604908
2022,taxaDengue,139,2605004
2022,taxaDengue,30,2605103
2022,taxaDengue,36,2605152
2022,taxaDengue,46,2605202
2022,taxaDengue,11,2605301
2022,taxaDengue,14,2605400
2022,taxaDengue,82,2605459
2022,taxaDengue,38,2605509
2022,taxaDengue,8,2605608
2022,taxaDengue,91,2605707
2022,taxaDengue,25,2605806
2022,taxaDengue,60,2605905
2022,taxaDengue,314,2606002
2022,taxaDengue,7,2606101
2022,taxaDengue,153,2606200
2022,taxaDengue,116,2606309
2022,taxaDengue,85,2606408
2022,taxaDengue,2,2606507
2022,taxaDengue,16,2606606
2022,taxaDengue,17,2606705
2022,taxaDengue,237,2606804
2022,taxaDengue,20,2606903
2022,taxaDengue,8,2607000
2022,taxaDengue,22,2607109
2022,taxaDengue,23,2607208
2022,taxaDengue,47,2607307
2022,taxaDengue,35,2607406
2022,taxaDengue,14,2607505
2022,taxaDengue,23,2607604
2022,taxaDengue,25,2607653
2022,taxaDengue,7,2607703
2022,taxaDengue,10,2607752
2022,taxaDengue,21,2607802
2022,taxaDengue,1818,2607901
2022,taxaDengue,21,2607950
2022,taxaDengue,96,2608008
2022,taxaDengue,26,2608057
2022,taxaDengue,18,2608107
2022,taxaDengue,5,2608206
2022,taxaDengue,4,2608255
2022,taxaDengue,5,2608305
2022,taxaDengue,70,2608404
2022,taxaDengue,35,2608453
2022,taxaDengue,5,2608503
2022,taxaDengue,149,2608602
2022,taxaDengue,100,2608701
2022,taxaDengue,6,2608750
2022,taxaDengue,71,2608800
2022,taxaDengue,78,2608909
2022,taxaDengue,49,2609006
2022,taxaDengue,508,2609105
2022,taxaDengue,2,2609154
2022,taxaDengue,11,2609204
2022,taxaDengue,36,2609303
2022,taxaDengue,61,2609402
2022,taxaDengue,355,2609501
2022,taxaDengue,576,2609600
2022,taxaDengue,93,2609709
2022,taxaDengue,72,2609808
2022,taxaDengue,32,2609907
2022,taxaDengue,146,2610004
2022,taxaDengue,4,2610103
2022,taxaDengue,10,2610202
2022,taxaDengue,5,2610301
2022,taxaDengue,12,2610400
2022,taxaDengue,6,2610509
2022,taxaDengue,316,2610608
2022,taxaDengue,1145,2610707
2022,taxaDengue,30,2610806
2022,taxaDengue,68,2610905
2022,taxaDengue,22,2611002
2022,taxaDengue,514,2611101
2022,taxaDengue,2,2611200
2022,taxaDengue,40,2611309
2022,taxaDengue,5,2611408
2022,taxaDengue,485,2611507
2022,taxaDengue,71,2611533
2022,taxaDengue,1269,2611606
2022,taxaDengue,50,2611705
2022,taxaDengue,8,2611804
2022,taxaDengue,4,2611903
2022,taxaDengue,28,2612000
2022,taxaDengue,2,2612109
2022,taxaDengue,291,2612208
2022,taxaDengue,1,2612307
2022,taxaDengue,18,2612406
2022,taxaDengue,16,2612455
2022,taxaDengue,93,2612471
2022,taxaDengue,113,2612505
2022,taxaDengue,151,2612554
2022,taxaDengue,37,2612604
2022,taxaDengue,1,2612703
2022,taxaDengue,77,2612802
2022,taxaDengue,58,2612901
2022,taxaDengue,32,2613008
2022,taxaDengue,12,2613107
2022,taxaDengue,6,2613206
2022,taxaDengue,1,2613305
2022,taxaDengue,19,2613404
2022,taxaDengue,58,2613503
2022,taxaDengue,71,2613602
2022,taxaDengue,55,2613701
2022,taxaDengue,13,2613800
2022,taxaDengue,347,2613909
2022,taxaDengue,25,2614006
2022,taxaDengue,15,2614105
2022,taxaDengue,3,2614204
2022,taxaDengue,4,2614303
2022,taxaDengue,4,2614402
2022,taxaDengue,115,2614501
2022,taxaDengue,50,2614600
2022,taxaDengue,7,2614709
2022,taxaDengue,11,2614808
2022,taxaDengue,49,2614857
2022,taxaDengue,26,2615003
2022,taxaDengue,10,2615102
2022,taxaDengue,50,2615201
2022,taxaDengue,90,2615300
2022,taxaDengue,32,2615409
2022,taxaDengue,322,2615508
2022,taxaDengue,13,2615607
2022,taxaDengue,12,2615706
2022,taxaDengue,12,2615805
2022,taxaDengue,8,2615904
2022,taxaDengue,16,2616001
2022,taxaDengue,42,2616100
2022,taxaDengue,2,2616183
2022,taxaDengue,12,2616209
2022,taxaDengue,36,2616308
2022,taxaDengue,178,2616407
2022,taxaDengue,24,2616506
2023,taxaDengue,21,2600054
2023,taxaDengue,24,2600104
2023,taxaDengue,42,2600203
2023,taxaDengue,11,2600302
2023,taxaDengue,4,2600401
2023,taxaDengue,12,2600500
2023,taxaDengue,12,2600609
2023,taxaDengue,25,2600708
2023,taxaDengue,11,2600807
2023,taxaDengue,9,2600906
2023,taxaDengue,3,2601003
2023,taxaDengue,210,2601052
2023,taxaDengue,12,2601102
2023,taxaDengue,19,2601201
2023,taxaDengue,10,2601300
2023,taxaDengue,7,2601409
2023,taxaDengue,4,2601607
2023,taxaDengue,6,2601706
2023,taxaDengue,18,2601805
2023,taxaDengue,5,2601904
2023,taxaDengue,13,2602001
2023,taxaDengue,15,2602100
2023,taxaDengue,9,2602209
2023,taxaDengue,13,2602308
2023,taxaDengue,86,2602407
2023,taxaDengue,12,2602506
2023,taxaDengue,69,2602605
2023,taxaDengue,1,2602704
2023,taxaDengue,69,2602803
2023,taxaDengue,23,2602902
2023,taxaDengue,6,2603009
2023,taxaDengue,2,2603108
2023,taxaDengue,1,2603207
2023,taxaDengue,1,2603306
2023,taxaDengue,3,2603405
2023,taxaDengue,38,2603454
2023,taxaDengue,10,2603504
2023,taxaDengue,3,2603603
2023,taxaDengue,1,2603702
2023,taxaDengue,4,2603801
2023,taxaDengue,19,2603900
2023,taxaDengue,6,2603926
2023,taxaDengue,13,2604007
2023,taxaDengue,8,2604106
2023,taxaDengue,1,2604205
2023,taxaDengue,15,2604304
2023,taxaDengue,37,2604403
2023,taxaDengue,92,2604502
2023,taxaDengue,9,2604601
2023,taxaDengue,10,2604700
2023,taxaDengue,8,2604908
2023,taxaDengue,8,2605004
2023,taxaDengue,12,2605103
2023,taxaDengue,92,2605152
2023,taxaDengue,111,2605202
2023,taxaDengue,167,2605301
2023,taxaDengue,1,2605400
2023,taxaDengue,22,2605459
2023,taxaDengue,2,2605509
2023,taxaDengue,7,2605608
2023,taxaDengue,2,2605707
2023,taxaDengue,7,2605806
2023,taxaDengue,49,2605905
2023,taxaDengue,61,2606002
2023,taxaDengue,2,2606101
2023,taxaDengue,7,2606200
2023,taxaDengue,100,2606309
2023,taxaDengue,10,2606408
2023,taxaDengue,1,2606507
2023,taxaDengue,5,2606606
2023,taxaDengue,146,2606804
2023,taxaDengue,1,2606903
2023,taxaDengue,4,2607000
2023,taxaDengue,5,2607208
2023,taxaDengue,33,2607307
2023,taxaDengue,13,2607406
2023,taxaDengue,169,2607505
2023,taxaDengue,15,2607604
2023,taxaDengue,9,2607653
2023,taxaDengue,3,2607703
2023,taxaDengue,26,2607752
2023,taxaDengue,33,2607802
2023,taxaDengue,1444,2607901
2023,taxaDengue,1,2607950
2023,taxaDengue,12,2608008
2023,taxaDengue,4,2608057
2023,taxaDengue,1,2608206
2023,taxaDengue,15,2608255
2023,taxaDengue,4,2608305
2023,taxaDengue,7,2608404
2023,taxaDengue,34,2608453
2023,taxaDengue,2,2608503
2023,taxaDengue,3,2608701
2023,taxaDengue,3,2608750
2023,taxaDengue,1,2608800
2023,taxaDengue,93,2608909
2023,taxaDengue,2,2609006
2023,taxaDengue,1,2609105
2023,taxaDengue,7,2609154
2023,taxaDengue,3,2609204
2023,taxaDengue,3,2609303
2023,taxaDengue,18,2609402
2023,taxaDengue,3,2609501
2023,taxaDengue,430,2609600
2023,taxaDengue,2,2609709
2023,taxaDengue,1,2609808
2023,taxaDengue,5,2609907
2023,taxaDengue,8,2610004
2023,taxaDengue,2,2610103
2023,taxaDengue,15,2610202
2023,taxaDengue,4,2610301
2023,taxaDengue,7,2610400
2023,taxaDengue,81,2610509
2023,taxaDengue,96,2610608
2023,taxaDengue,1079,2610707
2023,taxaDengue,1,2610806
2023,taxaDengue,13,2610905
2023,taxaDengue,4,2611002
2023,taxaDengue,68,2611101
2023,taxaDengue,20,2611200
2023,taxaDengue,9,2611309
2023,taxaDengue,5,2611408
2023,taxaDengue,30,2611507
2023,taxaDengue,1437,2611606
2023,taxaDengue,5,2611705
2023,taxaDengue,7,2611804
2023,taxaDengue,7,2612000
2023,taxaDengue,2,2612109
2023,taxaDengue,32,2612208
2023,taxaDengue,1,2612307
2023,taxaDengue,9,2612406
2023,taxaDengue,9,2612455
2023,taxaDengue,4,2612471
2023,taxaDengue,14,2612505
2023,taxaDengue,30,2612554
2023,taxaDengue,6,2612802
2023,taxaDengue,1,2612901
2023,taxaDengue,19,2613008
2023,taxaDengue,6,2613206
2023,taxaDengue,1,2613305
2023,taxaDengue,3,2613404
2023,taxaDengue,71,2613503
2023,taxaDengue,39,2613602
2023,taxaDengue,39,2613701
2023,taxaDengue,22,2613909
2023,taxaDengue,2,2614006
2023,taxaDengue,4,2614105
2023,taxaDengue,1,2614204
2023,taxaDengue,10,2614303
2023,taxaDengue,5,2614402
2023,taxaDengue,13,2614501
2023,taxaDengue,13,2614600
2023,taxaDengue,13,2614709
2023,taxaDengue,1,2614808
2023,taxaDengue,4,2614857
2023,taxaDengue,13,2615003
2023,taxaDengue,29,2615102
2023,taxaDengue,17,2615201
2023,taxaDengue,7,2615300
2023,taxaDengue,14,2615409
2023,taxaDengue,29,2615508
2023,taxaDengue,11,2615607
2023,taxaDengue,3,2615706
2023,taxaDengue,3,2615805
2023,taxaDengue,6,2615904
2023,taxaDengue,4,2616001
2023,taxaDengue,9,2616100
2023,taxaDengue,16,2616209
2023,taxaDengue,5,2616308
2023,taxaDengue,237,2616407
2023,taxaDengue,1,2616506
2024,taxaDengue,25,2600054
2024,taxaDengue,112,2600104
2024,taxaDengue,36,2600203
2024,taxaDengue,9,2600302
2024,taxaDengue,9,2600401
2024,taxaDengue,49,2600500
2024,taxaDengue,9,2600609
2024,taxaDengue,209,2600708
2024,taxaDengue,144,2600807
2024,taxaDengue,64,2600906
2024,taxaDengue,25,2601003
2024,taxaDengue,478,2601052
2024,taxaDengue,143,2601102
2024,taxaDengue,63,2601201
2024,taxaDengue,245,2601300
2024,taxaDengue,42,2601409
2024,taxaDengue,36,2601508
2024,taxaDengue,91,2601607
2024,taxaDengue,4,2601706
2024,taxaDengue,9,2601805
2024,taxaDengue,16,2601904
2024,taxaDengue,15,2602001
2024,taxaDengue,31,2602100
2024,taxaDengue,113,2602209
2024,taxaDengue,175,2602308
2024,taxaDengue,49,2602407
2024,taxaDengue,12,2602506
2024,taxaDengue,13,2602605
2024,taxaDengue,23,2602704
2024,taxaDengue,651,2602803
2024,taxaDengue,370,2602902
2024,taxaDengue,171,2603009
2024,taxaDengue,129,2603108
2024,taxaDengue,50,2603207
2024,taxaDengue,11,2603306
2024,taxaDengue,3,2603405
2024,taxaDengue,137,2603454
2024,taxaDengue,5,2603504
2024,taxaDengue,3,2603603
2024,taxaDengue,33,2603702
2024,taxaDengue,18,2603801
2024,taxaDengue,24,2603900
2024,taxaDengue,3,2603926
2024,taxaDengue,55,2604007
2024,taxaDengue,172,2604106
2024,taxaDengue,43,2604155
2024,taxaDengue,17,2604205
2024,taxaDengue,121,2604304
2024,taxaDengue,19,2604403
2024,taxaDengue,205,2604502
2024,taxaDengue,91,2604601
2024,taxaDengue,65,2604700
2024,taxaDengue,11,2604809
2024,taxaDengue,30,2604908
2024,taxaDengue,4,2605004
2024,taxaDengue,54,2605103
2024,taxaDengue,8,2605152
2024,taxaDengue,60,2605202
2024,taxaDengue,37,2605301
2024,taxaDengue,11,2605400
2024,taxaDengue,56,2605459
2024,taxaDengue,15,2605509
2024,taxaDengue,35,2605608
2024,taxaDengue,7,2605707
2024,taxaDengue,2,2605806
2024,taxaDengue,444,2605905
2024,taxaDengue,2091,2606002
2024,taxaDengue,16,2606101
2024,taxaDengue,13,2606200
2024,taxaDengue,8,2606309
2024,taxaDengue,23,2606408
2024,taxaDengue,69,2606507
2024,taxaDengue,7,2606606
2024,taxaDengue,14,2606705
2024,taxaDengue,149,2606804
2024,taxaDengue,16,2606903
2024,taxaDengue,2,2607000
2024,taxaDengue,42,2607109
2024,taxaDengue,67,2607208
2024,taxaDengue,35,2607307
2024,taxaDengue,20,2607406
2024,taxaDengue,21,2607505
2024,taxaDengue,61,2607604
2024,taxaDengue,3,2607653
2024,taxaDengue,12,2607703
2024,taxaDengue,9,2607752
2024,taxaDengue,98,2607802
2024,taxaDengue,1709,2607901
2024,taxaDengue,30,2607950
2024,taxaDengue,18,2608008
2024,taxaDengue,60,2608057
2024,taxaDengue,5,2608107
2024,taxaDengue,34,2608206
2024,taxaDengue,40,2608255
2024,taxaDengue,8,2608305
2024,taxaDengue,32,2608404
2024,taxaDengue,43,2608453
2024,taxaDengue,12,2608503
2024,taxaDengue,31,2608602
2024,taxaDengue,17,2608701
2024,taxaDengue,11,2608750
2024,taxaDengue,30,2608800
2024,taxaDengue,362,2608909
2024,taxaDengue,11,2609006
2024,taxaDengue,113,2609105
2024,taxaDengue,3,2609154
2024,taxaDengue,32,2609204
2024,taxaDengue,23,2609303
2024,taxaDengue,126,2609402
2024,taxaDengue,167,2609501
2024,taxaDengue,1606,2609600
2024,taxaDengue,20,2609709
2024,taxaDengue,44,2609808
2024,taxaDengue,44,2609907
2024,taxaDengue,91,2610004
2024,taxaDengue,17,2610103
2024,taxaDengue,116,2610202
2024,taxaDengue,62,2610301
2024,taxaDengue,8,2610400
2024,taxaDengue,325,2610509
2024,taxaDengue,44,2610608
2024,taxaDengue,1894,2610707
2024,taxaDengue,14,2610806
2024,taxaDengue,47,2610905
2024,taxaDengue,9,2611002
2024,taxaDengue,119,2611101
2024,taxaDengue,23,2611200
2024,taxaDengue,92,2611309
2024,taxaDengue,13,2611408
2024,taxaDengue,59,2611507
2024,taxaDengue,40,2611533
2024,taxaDengue,2607,2611606
2024,taxaDengue,2,2611705
2024,taxaDengue,28,2611804
2024,taxaDengue,121,2611903
2024,taxaDengue,130,2612000
2024,taxaDengue,8,2612109
2024,taxaDengue,721,2612208
2024,taxaDengue,17,2612307
2024,taxaDengue,44,2612406
2024,taxaDengue,14,2612455
2024,taxaDengue,23,2612471
2024,taxaDengue,9,2612505
2024,taxaDengue,7,2612554
2024,taxaDengue,36,2612604
2024,taxaDengue,12,2612703
2024,taxaDengue,86,2612802
2024,taxaDengue,15,2612901
2024,taxaDengue,48,2613008
2024,taxaDengue,9,2613107
2024,taxaDengue,143,2613206
2024,taxaDengue,5,2613305
2024,taxaDengue,10,2613404
2024,taxaDengue,29,2613503
2024,taxaDengue,122,2613602
2024,taxaDengue,397,2613701
2024,taxaDengue,24,2613800
2024,taxaDengue,83,2613909
2024,taxaDengue,87,2614006
2024,taxaDengue,9,2614105
2024,taxaDengue,28,2614204
2024,taxaDengue,4,2614303
2024,taxaDengue,119,2614402
2024,taxaDengue,123,2614501
2024,taxaDengue,196,2614600
2024,taxaDengue,7,2614709
2024,taxaDengue,58,2614808
2024,taxaDengue,24,2614857
2024,taxaDengue,25,2615003
2024,taxaDengue,163,2615102
2024,taxaDengue,55,2615201
2024,taxaDengue,25,2615300
2024,taxaDengue,23,2615409
2024,taxaDengue,93,2615508
2024,taxaDengue,13,2615607
2024,taxaDengue,28,2615706
2024,taxaDengue,31,2615805
2024,taxaDengue,90,2615904
2024,taxaDengue,18,2616001
2024,taxaDengue,35,2616100
2024,taxaDengue,4,2616183
2024,taxaDengue,68,2616209
2024,taxaDengue,51,2616308
2024,taxaDengue,233,2616407
2024,taxaDengue,71,2616506
2015,taxaChikungunya,11,2600054
2015,taxaChikungunya,76,2600104
2015,taxaChikungunya,1,2600302
2015,taxaChikungunya,92,2600500
2015,taxaChikungunya,74,2600609
2015,taxaChikungunya,7,2600708
2015,taxaChikungunya,3,2601052
2015,taxaChikungunya,9,2601201
2015,taxaChikungunya,1,2601300
2015,taxaChikungunya,7,2601706
2015,taxaChikungunya,4,2601904
2015,taxaChikungunya,2,2602001
2015,taxaChikungunya,36,2602100
2015,taxaChikungunya,12,2602605
2015,taxaChikungunya,1,2602704
2015,taxaChikungunya,1,2602803
2015,taxaChikungunya,1,2602902
2015,taxaChikungunya,1,2603108
2015,taxaChikungunya,118,2603207
2015,taxaChikungunya,20,2603306
2015,taxaChikungunya,47,2603454
2015,taxaChikungunya,16,2603504
2015,taxaChikungunya,2,2603801
2015,taxaChikungunya,15,2603900
2015,taxaChikungunya,1,2603926
2015,taxaChikungunya,38,2604007
2015,taxaChikungunya,129,2604106
2015,taxaChikungunya,1,2604205
2015,taxaChikungunya,1,2604304
2015,taxaChikungunya,24,2604403
2015,taxaChikungunya,4,2604601
2015,taxaChikungunya,2,2604908
2015,taxaChikungunya,1,2605004
2015,taxaChikungunya,7,2605103
2015,taxaChikungunya,1,2605202
2015,taxaChikungunya,1,2605301
2015,taxaChikungunya,6,2605400
2015,taxaChikungunya,1,2605509
2015,taxaChikungunya,2,2605707
2015,taxaChikungunya,4,2605806
2015,taxaChikungunya,1,2605905
2015,taxaChikungunya,48,2606002
2015,taxaChikungunya,14,2606101
2015,taxaChikungunya,43,2606200
2015,taxaChikungunya,11,2606408
2015,taxaChikungunya,571,2606507
2015,taxaChikungunya,117,2606606
2015,taxaChikungunya,5,2606804
2015,taxaChikungunya,91,2606903
2015,taxaChikungunya,75,2607000
2015,taxaChikungunya,12,2607109
2015,taxaChikungunya,21,2607208
2015,taxaChikungunya,128,2607505
2015,taxaChikungunya,8,2607604
2015,taxaChikungunya,1,2607653
2015,taxaChikungunya,3,2607802
2015,taxaChikungunya,25,2607901
2015,taxaChikungunya,1,2607950
2015,taxaChikungunya,27,2608008
2015,taxaChikungunya,11,2608107
2015,taxaChikungunya,1,2608255
2015,taxaChikungunya,37,2608453
2015,taxaChikungunya,6,2608503
2015,taxaChikungunya,4,2608602
2015,taxaChikungunya,20,2608909
2015,taxaChikungunya,2,2609006
2015,taxaChikungunya,3,2609105
2015,taxaChikungunya,37,2609154
2015,taxaChikungunya,1,2609204
2015,taxaChikungunya,2,2609402
2015,taxaChikungunya,6,2609501
2015,taxaChikungunya,850,2609600
2015,taxaChikungunya,1,2609907
2015,taxaChikungunya,2,2610103
2015,taxaChikungunya,10,2610202
2015,taxaChikungunya,6,2610301
2015,taxaChikungunya,274,2610509
2015,taxaChikungunya,1,2610608
2015,taxaChikungunya,87,2610707
2015,taxaChikungunya,17,2610806
2015,taxaChikungunya,934,2610905
2015,taxaChikungunya,1,2611002
2015,taxaChikungunya,12,2611101
2015,taxaChikungunya,4,2611200
2015,taxaChikungunya,1,2611309
2015,taxaChikungunya,1,2611533
2015,taxaChikungunya,1461,2611606
2015,taxaChikungunya,1,2612208
2015,taxaChikungunya,3,2612307
2015,taxaChikungunya,90,2612406
2015,taxaChikungunya,445,2612505
2015,taxaChikungunya,16,2612703
2015,taxaChikungunya,1,2612802
2015,taxaChikungunya,257,2613008
2015,taxaChikungunya,27,2613107
2015,taxaChikungunya,8,2613206
2015,taxaChikungunya,2,2613305
2015,taxaChikungunya,1,2613404
2015,taxaChikungunya,2,2613503
2015,taxaChikungunya,1,2613602
2015,taxaChikungunya,2,2613701
2015,taxaChikungunya,8,2613909
2015,taxaChikungunya,3,2614105
2015,taxaChikungunya,3,2614204
2015,taxaChikungunya,16,2614501
2015,taxaChikungunya,13,2614600
2015,taxaChikungunya,298,2614808
2015,taxaChikungunya,1,2614857
2015,taxaChikungunya,11,2615003
2015,taxaChikungunya,9,2615102
2015,taxaChikungunya,3,2615300
2015,taxaChikungunya,2,2615409
2015,taxaChikungunya,2,2615904
2015,taxaChikungunya,3,2616001
2015,taxaChikungunya,2,2616100
2015,taxaChikungunya,21,2616209
2015,taxaChikungunya,1,2616308
2015,taxaChikungunya,31,2616407
2016,taxaChikungunya,591,2600054
2016,taxaChikungunya,717,2600104
2016,taxaChikungunya,2,2600203
2016,taxaChikungunya,8,2600302
2016,taxaChikungunya,317,2600401
2016,taxaChikungunya,157,2600500
2016,taxaChikungunya,105,2600609
2016,taxaChikungunya,182,2600708
2016,taxaChikungunya,1563,2600807
2016,taxaChikungunya,51,2600906
2016,taxaChikungunya,8,2601003
2016,taxaChikungunya,25,2601052
2016,taxaChikungunya,1002,2601102
2016,taxaChikungunya,109,2601201
2016,taxaChikungunya,40,2601300
2016,taxaChikungunya,31,2601409
2016,taxaChikungunya,22,2601607
2016,taxaChikungunya,33,2601706
2016,taxaChikungunya,59,2601805
2016,taxaChikungunya,204,2601904
2016,taxaChikungunya,8,2602001
2016,taxaChikungunya,106,2602100
2016,taxaChikungunya,211,2602209
2016,taxaChikungunya,68,2602308
2016,taxaChikungunya,4,2602407
2016,taxaChikungunya,29,2602506
2016,taxaChikungunya,463,2602605
2016,taxaChikungunya,81,2602704
2016,taxaChikungunya,90,2602803
2016,taxaChikungunya,819,2602902
2016,taxaChikungunya,47,2603009
2016,taxaChikungunya,148,2603108
2016,taxaChikungunya,137,2603207
2016,taxaChikungunya,893,2603306
2016,taxaChikungunya,23,2603405
2016,taxaChikungunya,1549,2603454
2016,taxaChikungunya,198,2603504
2016,taxaChikungunya,55,2603603
2016,taxaChikungunya,40,2603702
2016,taxaChikungunya,1043,2603900
2016,taxaChikungunya,65,2603926
2016,taxaChikungunya,379,2604007
2016,taxaChikungunya,4739,2604106
2016,taxaChikungunya,31,2604155
2016,taxaChikungunya,54,2604205
2016,taxaChikungunya,18,2604304
2016,taxaChikungunya,7,2604403
2016,taxaChikungunya,4,2604502
2016,taxaChikungunya,390,2604601
2016,taxaChikungunya,1,2604700
2016,taxaChikungunya,38,2604809
2016,taxaChikungunya,103,2604908
2016,taxaChikungunya,165,2605004
2016,taxaChikungunya,3,2605103
2016,taxaChikungunya,77,2605202
2016,taxaChikungunya,157,2605301
2016,taxaChikungunya,130,2605400
2016,taxaChikungunya,502,2605459
2016,taxaChikungunya,68,2605509
2016,taxaChikungunya,6,2605608
2016,taxaChikungunya,452,2605707
2016,taxaChikungunya,5,2605806
2016,taxaChikungunya,37,2605905
2016,taxaChikungunya,1152,2606002
2016,taxaChikungunya,15,2606101
2016,taxaChikungunya,3491,2606200
2016,taxaChikungunya,17,2606309
2016,taxaChikungunya,996,2606408
2016,taxaChikungunya,75,2606507
2016,taxaChikungunya,179,2606606
2016,taxaChikungunya,50,2606705
2016,taxaChikungunya,584,2606804
2016,taxaChikungunya,96,2606903
2016,taxaChikungunya,3,2607000
2016,taxaChikungunya,46,2607109
2016,taxaChikungunya,2559,2607208
2016,taxaChikungunya,83,2607307
2016,taxaChikungunya,14,2607406
2016,taxaChikungunya,2,2607505
2016,taxaChikungunya,435,2607604
2016,taxaChikungunya,2090,2607653
2016,taxaChikungunya,30,2607703
2016,taxaChikungunya,88,2607752
2016,taxaChikungunya,683,2607802
2016,taxaChikungunya,1446,2607901
2016,taxaChikungunya,202,2607950
2016,taxaChikungunya,3,2608008
2016,taxaChikungunya,35,2608057
2016,taxaChikungunya,21,2608107
2016,taxaChikungunya,86,2608206
2016,taxaChikungunya,21,2608255
2016,taxaChikungunya,21,2608305
2016,taxaChikungunya,12,2608404
2016,taxaChikungunya,93,2608453
2016,taxaChikungunya,40,2608503
2016,taxaChikungunya,15,2608602
2016,taxaChikungunya,3,2608701
2016,taxaChikungunya,137,2608750
2016,taxaChikungunya,78,2608800
2016,taxaChikungunya,510,2608909
2016,taxaChikungunya,334,2609006
2016,taxaChikungunya,11,2609105
2016,taxaChikungunya,4,2609154
2016,taxaChikungunya,46,2609204
2016,taxaChikungunya,47,2609303
2016,taxaChikungunya,298,2609402
2016,taxaChikungunya,46,2609501
2016,taxaChikungunya,2445,2609600
2016,taxaChikungunya,18,2609709
2016,taxaChikungunya,17,2609808
2016,taxaChikungunya,155,2609907
2016,taxaChikungunya,376,2610004
2016,taxaChikungunya,2,2610103
2016,taxaChikungunya,175,2610202
2016,taxaChikungunya,17,2610301
2016,taxaChikungunya,23,2610400
2016,taxaChikungunya,469,2610509
2016,taxaChikungunya,252,2610608
2016,taxaChikungunya,730,2610707
2016,taxaChikungunya,5,2610806
2016,taxaChikungunya,1013,2610905
2016,taxaChikungunya,114,2611002
2016,taxaChikungunya,368,2611101
2016,taxaChikungunya,8,2611200
2016,taxaChikungunya,30,2611309
2016,taxaChikungunya,11,2611408
2016,taxaChikungunya,242,2611507
2016,taxaChikungunya,23,2611533
2016,taxaChikungunya,11965,2611606
2016,taxaChikungunya,2,2611705
2016,taxaChikungunya,143,2611804
2016,taxaChikungunya,136,2611903
2016,taxaChikungunya,22,2612000
2016,taxaChikungunya,37,2612109
2016,taxaChikungunya,81,2612208
2016,taxaChikungunya,2,2612307
2016,taxaChikungunya,613,2612406
2016,taxaChikungunya,19,2612455
2016,taxaChikungunya,73,2612471
2016,taxaChikungunya,193,2612505
2016,taxaChikungunya,38,2612554
2016,taxaChikungunya,16,2612604
2016,taxaChikungunya,18,2612703
2016,taxaChikungunya,26,2612802
2016,taxaChikungunya,11,2612901
2016,taxaChikungunya,3178,2613008
2016,taxaChikungunya,62,2613107
2016,taxaChikungunya,153,2613206
2016,taxaChikungunya,59,2613305
2016,taxaChikungunya,201,2613404
2016,taxaChikungunya,35,2613503
2016,taxaChikungunya,14,2613602
2016,taxaChikungunya,103,2613701
2016,taxaChikungunya,89,2613800
2016,taxaChikungunya,95,2613909
2016,taxaChikungunya,28,2614006
2016,taxaChikungunya,22,2614105
2016,taxaChikungunya,18,2614204
2016,taxaChikungunya,123,2614303
2016,taxaChikungunya,18,2614402
2016,taxaChikungunya,28,2614501
2016,taxaChikungunya,24,2614600
2016,taxaChikungunya,1,2614709
2016,taxaChikungunya,467,2614808
2016,taxaChikungunya,45,2614857
2016,taxaChikungunya,24,2615003
2016,taxaChikungunya,27,2615102
2016,taxaChikungunya,4,2615201
2016,taxaChikungunya,644,2615300
2016,taxaChikungunya,32,2615409
2016,taxaChikungunya,209,2615508
2016,taxaChikungunya,6,2615607
2016,taxaChikungunya,196,2615706
2016,taxaChikungunya,16,2615805
2016,taxaChikungunya,7,2615904
2016,taxaChikungunya,3,2616001
2016,taxaChikungunya,8,2616100
2016,taxaChikungunya,2,2616183
2016,taxaChikungunya,35,2616209
2016,taxaChikungunya,11,2616308
2016,taxaChikungunya,126,2616407
2016,taxaChikungunya,352,2616506
2017,taxaChikungunya,60,2600054
2017,taxaChikungunya,21,2600104
2017,taxaChikungunya,1,2600302
2017,taxaChikungunya,5,2600401
2017,taxaChikungunya,10,2600500
2017,taxaChikungunya,8,2600708
2017,taxaChikungunya,9,2600807
2017,taxaChikungunya,2,2600906
2017,taxaChikungunya,1,2601003
2017,taxaChikungunya,1,2601052
2017,taxaChikungunya,10,2601102
2017,taxaChikungunya,3,2601201
2017,taxaChikungunya,4,2601300
2017,taxaChikungunya,3,2601409
2017,taxaChikungunya,1,2601508
2017,taxaChikungunya,2,2601607
2017,taxaChikungunya,7,2601706
2017,taxaChikungunya,2,2601805
2017,taxaChikungunya,16,2601904
2017,taxaChikungunya,13,2602001
2017,taxaChikungunya,9,2602100
2017,taxaChikungunya,2,2602209
2017,taxaChikungunya,7,2602308
2017,taxaChikungunya,3,2602407
2017,taxaChikungunya,4,2602605
2017,taxaChikungunya,2,2602704
2017,taxaChikungunya,23,2602803
2017,taxaChikungunya,160,2602902
2017,taxaChikungunya,5,2603108
2017,taxaChikungunya,21,2603207
2017,taxaChikungunya,5,2603306
2017,taxaChikungunya,1,2603405
2017,taxaChikungunya,60,2603454
2017,taxaChikungunya,5,2603504
2017,taxaChikungunya,2,2603702
2017,taxaChikungunya,2,2603900
2017,taxaChikungunya,19,2604007
2017,taxaChikungunya,402,2604106
2017,taxaChikungunya,9,2604155
2017,taxaChikungunya,3,2604205
2017,taxaChikungunya,1,2604304
2017,taxaChikungunya,1,2604403
2017,taxaChikungunya,1,2604502
2017,taxaChikungunya,16,2604601
2017,taxaChikungunya,3,2605103
2017,taxaChikungunya,4,2605152
2017,taxaChikungunya,13,2605202
2017,taxaChikungunya,9,2605301
2017,taxaChikungunya,1,2605459
2017,taxaChikungunya,1,2605608
2017,taxaChikungunya,3,2605707
2017,taxaChikungunya,1,2605905
2017,taxaChikungunya,50,2606002
2017,taxaChikungunya,2,2606101
2017,taxaChikungunya,228,2606200
2017,taxaChikungunya,9,2606408
2017,taxaChikungunya,1,2606507
2017,taxaChikungunya,4,2606606
2017,taxaChikungunya,1,2606705
2017,taxaChikungunya,46,2606804
2017,taxaChikungunya,1,2607000
2017,taxaChikungunya,1,2607109
2017,taxaChikungunya,39,2607208
2017,taxaChikungunya,1,2607406
2017,taxaChikungunya,11,2607505
2017,taxaChikungunya,6,2607604
2017,taxaChikungunya,12,2607653
2017,taxaChikungunya,2,2607703
2017,taxaChikungunya,6,2607752
2017,taxaChikungunya,5,2607802
2017,taxaChikungunya,481,2607901
2017,taxaChikungunya,16,2607950
2017,taxaChikungunya,5,2608008
2017,taxaChikungunya,1,2608107
2017,taxaChikungunya,2,2608206
2017,taxaChikungunya,1,2608255
2017,taxaChikungunya,2,2608305
2017,taxaChikungunya,1,2608404
2017,taxaChikungunya,4,2608453
2017,taxaChikungunya,2,2608503
2017,taxaChikungunya,5,2608602
2017,taxaChikungunya,1,2608701
2017,taxaChikungunya,2,2608750
2017,taxaChikungunya,18,2608800
2017,taxaChikungunya,23,2608909
2017,taxaChikungunya,5,2609006
2017,taxaChikungunya,6,2609105
2017,taxaChikungunya,11,2609402
2017,taxaChikungunya,2,2609501
2017,taxaChikungunya,245,2609600
2017,taxaChikungunya,1,2609709
2017,taxaChikungunya,1,2609808
2017,taxaChikungunya,6,2609907
2017,taxaChikungunya,46,2610004
2017,taxaChikungunya,1,2610202
2017,taxaChikungunya,1,2610301
2017,taxaChikungunya,25,2610509
2017,taxaChikungunya,56,2610608
2017,taxaChikungunya,90,2610707
2017,taxaChikungunya,34,2610806
2017,taxaChikungunya,7,2610905
2017,taxaChikungunya,4,2611002
2017,taxaChikungunya,62,2611101
2017,taxaChikungunya,3,2611200
2017,taxaChikungunya,3,2611408
2017,taxaChikungunya,3,2611507
2017,taxaChikungunya,1000,2611606
2017,taxaChikungunya,12,2611804
2017,taxaChikungunya,5,2611903
2017,taxaChikungunya,37,2612208
2017,taxaChikungunya,2,2612307
2017,taxaChikungunya,31,2612406
2017,taxaChikungunya,1,2612455
2017,taxaChikungunya,5,2612505
2017,taxaChikungunya,3,2612554
2017,taxaChikungunya,18,2612703
2017,taxaChikungunya,1264,2613008
2017,taxaChikungunya,4,2613107
2017,taxaChikungunya,115,2613206
2017,taxaChikungunya,11,2613305
2017,taxaChikungunya,1,2613404
2017,taxaChikungunya,11,2613503
2017,taxaChikungunya,19,2613701
2017,taxaChikungunya,3,2613800
2017,taxaChikungunya,5,2613909
2017,taxaChikungunya,1,2614006
2017,taxaChikungunya,20,2614105
2017,taxaChikungunya,2,2614204
2017,taxaChikungunya,1,2614303
2017,taxaChikungunya,3,2614402
2017,taxaChikungunya,7,2614501
2017,taxaChikungunya,4,2614709
2017,taxaChikungunya,1,2614808
2017,taxaChikungunya,1,2614857
2017,taxaChikungunya,40,2615300
2017,taxaChikungunya,5,2615409
2017,taxaChikungunya,8,2615607
2017,taxaChikungunya,4,2615706
2017,taxaChikungunya,4,2615805
2017,taxaChikungunya,1,2616001
2017,taxaChikungunya,3,2616100
2017,taxaChikungunya,15,2616209
2017,taxaChikungunya,1,2616308
2017,taxaChikungunya,12,2616407
2017,taxaChikungunya,2,2616506
2018,taxaChikungunya,10,2600054
2018,taxaChikungunya,10,2600104
2018,taxaChikungunya,1,2600302
2018,taxaChikungunya,23,2600401
2018,taxaChikungunya,9,2600500
2018,taxaChikungunya,4,2600708
2018,taxaChikungunya,1,2600807
2018,taxaChikungunya,26,2600906
2018,taxaChikungunya,6,2601102
2018,taxaChikungunya,4,2601201
2018,taxaChikungunya,3,2601300
2018,taxaChikungunya,1,2601607
2018,taxaChikungunya,2,2601706
2018,taxaChikungunya,13,2601904
2018,taxaChikungunya,8,2602001
2018,taxaChikungunya,1,2602100
2018,taxaChikungunya,4,2602209
2018,taxaChikungunya,12,2602308
2018,taxaChikungunya,1,2602605
2018,taxaChikungunya,67,2602803
2018,taxaChikungunya,358,2602902
2018,taxaChikungunya,2,2603009
2018,taxaChikungunya,2,2603108
2018,taxaChikungunya,13,2603207
2018,taxaChikungunya,5,2603306
2018,taxaChikungunya,1,2603405
2018,taxaChikungunya,117,2603454
2018,taxaChikungunya,1,2603504
2018,taxaChikungunya,1,2603603
2018,taxaChikungunya,4,2603702
2018,taxaChikungunya,1,2603801
2018,taxaChikungunya,4,2603900
2018,taxaChikungunya,15,2604007
2018,taxaChikungunya,45,2604106
2018,taxaChikungunya,1,2604155
2018,taxaChikungunya,6,2604205
2018,taxaChikungunya,3,2604304
2018,taxaChikungunya,2,2604403
2018,taxaChikungunya,2,2604502
2018,taxaChikungunya,3,2604601
2018,taxaChikungunya,1,2604700
2018,taxaChikungunya,3,2604809
2018,taxaChikungunya,2,2605004
2018,taxaChikungunya,23,2605103
2018,taxaChikungunya,1,2605152
2018,taxaChikungunya,47,2605202
2018,taxaChikungunya,4,2605301
2018,taxaChikungunya,1,2605400
2018,taxaChikungunya,13,2605459
2018,taxaChikungunya,4,2605509
2018,taxaChikungunya,9,2605707
2018,taxaChikungunya,1,2605806
2018,taxaChikungunya,2,2605905
2018,taxaChikungunya,35,2606002
2018,taxaChikungunya,45,2606200
2018,taxaChikungunya,15,2606408
2018,taxaChikungunya,12,2606606
2018,taxaChikungunya,16,2606804
2018,taxaChikungunya,3,2606903
2018,taxaChikungunya,2,2607109
2018,taxaChikungunya,280,2607208
2018,taxaChikungunya,2,2607505
2018,taxaChikungunya,1,2607604
2018,taxaChikungunya,1,2607752
2018,taxaChikungunya,1,2607802
2018,taxaChikungunya,155,2607901
2018,taxaChikungunya,1,2607950
2018,taxaChikungunya,1,2608008
2018,taxaChikungunya,1,2608107
2018,taxaChikungunya,6,2608206
2018,taxaChikungunya,2,2608255
2018,taxaChikungunya,1,2608305
2018,taxaChikungunya,1,2608404
2018,taxaChikungunya,1,2608453
2018,taxaChikungunya,1,2608503
2018,taxaChikungunya,1,2608602
2018,taxaChikungunya,1,2608750
2018,taxaChikungunya,4,2608800
2018,taxaChikungunya,28,2608909
2018,taxaChikungunya,6,2609006
2018,taxaChikungunya,2,2609105
2018,taxaChikungunya,1,2609204
2018,taxaChikungunya,7,2609303
2018,taxaChikungunya,13,2609402
2018,taxaChikungunya,1,2609501
2018,taxaChikungunya,123,2609600
2018,taxaChikungunya,40,2609709
2018,taxaChikungunya,2,2609808
2018,taxaChikungunya,76,2610004
2018,taxaChikungunya,1,2610202
2018,taxaChikungunya,2,2610301
2018,taxaChikungunya,4,2610400
2018,taxaChikungunya,68,2610509
2018,taxaChikungunya,46,2610608
2018,taxaChikungunya,35,2610707
2018,taxaChikungunya,97,2610806
2018,taxaChikungunya,10,2610905
2018,taxaChikungunya,8,2611002
2018,taxaChikungunya,37,2611101
2018,taxaChikungunya,1,2611200
2018,taxaChikungunya,3,2611408
2018,taxaChikungunya,3,2611507
2018,taxaChikungunya,614,2611606
2018,taxaChikungunya,2,2611705
2018,taxaChikungunya,12,2611804
2018,taxaChikungunya,3,2611903
2018,taxaChikungunya,1,2612000
2018,taxaChikungunya,137,2612208
2018,taxaChikungunya,1,2612307
2018,taxaChikungunya,2,2612406
2018,taxaChikungunya,3,2612455
2018,taxaChikungunya,99,2612505
2018,taxaChikungunya,4,2612604
2018,taxaChikungunya,6,2612703
2018,taxaChikungunya,1,2612901
2018,taxaChikungunya,191,2613008
2018,taxaChikungunya,3,2613107
2018,taxaChikungunya,6,2613206
2018,taxaChikungunya,9,2613305
2018,taxaChikungunya,1,2613404
2018,taxaChikungunya,5,2613503
2018,taxaChikungunya,1,2613602
2018,taxaChikungunya,43,2613701
2018,taxaChikungunya,8,2613800
2018,taxaChikungunya,10,2613909
2018,taxaChikungunya,2,2614006
2018,taxaChikungunya,11,2614105
2018,taxaChikungunya,8,2614204
2018,taxaChikungunya,2,2614501
2018,taxaChikungunya,1,2614600
2018,taxaChikungunya,1,2614709
2018,taxaChikungunya,1,2614808
2018,taxaChikungunya,1,2614857
2018,taxaChikungunya,5,2615003
2018,taxaChikungunya,1,2615102
2018,taxaChikungunya,2,2615201
2018,taxaChikungunya,84,2615300
2018,taxaChikungunya,3,2615607
2018,taxaChikungunya,1,2615805
2018,taxaChikungunya,3,2616001
2018,taxaChikungunya,4,2616100
2018,taxaChikungunya,1,2616183
2018,taxaChikungunya,3,2616209
2018,taxaChikungunya,1,2616308
2018,taxaChikungunya,50,2616407
2018,taxaChikungunya,1,2616506
2019,taxaChikungunya,68,2600054
2019,taxaChikungunya,6,2600104
2019,taxaChikungunya,3,2600203
2019,taxaChikungunya,3,2600302
2019,taxaChikungunya,65,2600401
2019,taxaChikungunya,11,2600500
2019,taxaChikungunya,1,2600609
2019,taxaChikungunya,3,2600708
2019,taxaChikungunya,5,2600807
2019,taxaChikungunya,7,2600906
2019,taxaChikungunya,3,2601003
2019,taxaChikungunya,2,2601052
2019,taxaChikungunya,18,2601102
2019,taxaChikungunya,12,2601201
2019,taxaChikungunya,7,2601300
2019,taxaChikungunya,8,2601409
2019,taxaChikungunya,33,2601607
2019,taxaChikungunya,3,2601706
2019,taxaChikungunya,62,2601805
2019,taxaChikungunya,3,2601904
2019,taxaChikungunya,14,2602001
2019,taxaChikungunya,10,2602100
2019,taxaChikungunya,1,2602209
2019,taxaChikungunya,10,2602308
2019,taxaChikungunya,1,2602407
2019,taxaChikungunya,11,2602605
2019,taxaChikungunya,1,2602704
2019,taxaChikungunya,39,2602803
2019,taxaChikungunya,623,2602902
2019,taxaChikungunya,62,2603009
2019,taxaChikungunya,11,2603306
2019,taxaChikungunya,3,2603405
2019,taxaChikungunya,64,2603454
2019,taxaChikungunya,1,2603504
2019,taxaChikungunya,2,2603603
2019,taxaChikungunya,1,2603801
2019,taxaChikungunya,2,2603900
2019,taxaChikungunya,14,2603926
2019,taxaChikungunya,32,2604007
2019,taxaChikungunya,81,2604106
2019,taxaChikungunya,92,2604205
2019,taxaChikungunya,6,2604304
2019,taxaChikungunya,1,2604403
2019,taxaChikungunya,4,2604601
2019,taxaChikungunya,2,2604809
2019,taxaChikungunya,4,2605004
2019,taxaChikungunya,71,2605103
2019,taxaChikungunya,3,2605152
2019,taxaChikungunya,20,2605202
2019,taxaChikungunya,2,2605301
2019,taxaChikungunya,9,2605400
2019,taxaChikungunya,44,2605459
2019,taxaChikungunya,3,2605509
2019,taxaChikungunya,6,2605707
2019,taxaChikungunya,11,2605905
2019,taxaChikungunya,55,2606002
2019,taxaChikungunya,5,2606101
2019,taxaChikungunya,28,2606200
2019,taxaChikungunya,1,2606309
2019,taxaChikungunya,4,2606408
2019,taxaChikungunya,139,2606606
2019,taxaChikungunya,71,2606804
2019,taxaChikungunya,3,2606903
2019,taxaChikungunya,5,2607000
2019,taxaChikungunya,3,2607109
2019,taxaChikungunya,2562,2607208
2019,taxaChikungunya,11,2607406
2019,taxaChikungunya,1,2607505
2019,taxaChikungunya,2,2607604
2019,taxaChikungunya,3,2607653
2019,taxaChikungunya,8,2607703
2019,taxaChikungunya,12,2607752
2019,taxaChikungunya,1,2607802
2019,taxaChikungunya,237,2607901
2019,taxaChikungunya,1,2607950
2019,taxaChikungunya,3,2608008
2019,taxaChikungunya,1,2608057
2019,taxaChikungunya,5,2608107
2019,taxaChikungunya,47,2608206
2019,taxaChikungunya,3,2608255
2019,taxaChikungunya,4,2608503
2019,taxaChikungunya,5,2608602
2019,taxaChikungunya,1,2608701
2019,taxaChikungunya,4,2608750
2019,taxaChikungunya,12,2608800
2019,taxaChikungunya,13,2608909
2019,taxaChikungunya,15,2609006
2019,taxaChikungunya,2,2609154
2019,taxaChikungunya,14,2609204
2019,taxaChikungunya,12,2609303
2019,taxaChikungunya,9,2609402
2019,taxaChikungunya,7,2609501
2019,taxaChikungunya,191,2609600
2019,taxaChikungunya,27,2609709
2019,taxaChikungunya,4,2609808
2019,taxaChikungunya,357,2610004
2019,taxaChikungunya,1,2610202
2019,taxaChikungunya,5,2610301
2019,taxaChikungunya,1,2610400
2019,taxaChikungunya,14,2610509
2019,taxaChikungunya,24,2610608
2019,taxaChikungunya,154,2610707
2019,taxaChikungunya,57,2610806
2019,taxaChikungunya,3,2610905
2019,taxaChikungunya,2,2611002
2019,taxaChikungunya,343,2611101
2019,taxaChikungunya,4,2611200
2019,taxaChikungunya,1,2611309
2019,taxaChikungunya,1,2611408
2019,taxaChikungunya,20,2611507
2019,taxaChikungunya,1,2611533
2019,taxaChikungunya,1425,2611606
2019,taxaChikungunya,25,2611804
2019,taxaChikungunya,4,2611903
2019,taxaChikungunya,141,2612208
2019,taxaChikungunya,3,2612406
2019,taxaChikungunya,2,2612455
2019,taxaChikungunya,233,2612505
2019,taxaChikungunya,1,2612554
2019,taxaChikungunya,6,2612604
2019,taxaChikungunya,7,2612703
2019,taxaChikungunya,5,2612901
2019,taxaChikungunya,16,2613008
2019,taxaChikungunya,1,2613107
2019,taxaChikungunya,12,2613206
2019,taxaChikungunya,95,2613305
2019,taxaChikungunya,67,2613404
2019,taxaChikungunya,2,2613503
2019,taxaChikungunya,42,2613701
2019,taxaChikungunya,41,2613800
2019,taxaChikungunya,13,2613909
2019,taxaChikungunya,4,2614006
2019,taxaChikungunya,150,2614105
2019,taxaChikungunya,16,2614204
2019,taxaChikungunya,4,2614402
2019,taxaChikungunya,3,2614501
2019,taxaChikungunya,10,2614600
2019,taxaChikungunya,3,2614709
2019,taxaChikungunya,2,2614808
2019,taxaChikungunya,6,2614857
2019,taxaChikungunya,6,2615003
2019,taxaChikungunya,179,2615201
2019,taxaChikungunya,164,2615300
2019,taxaChikungunya,1,2615409
2019,taxaChikungunya,14,2615607
2019,taxaChikungunya,5,2615805
2019,taxaChikungunya,15,2616001
2019,taxaChikungunya,9,2616100
2019,taxaChikungunya,5,2616308
2019,taxaChikungunya,30,2616407
2019,taxaChikungunya,46,2616506
2020,taxaChikungunya,68,2600054
2020,taxaChikungunya,1,2600104
2020,taxaChikungunya,14,2600203
2020,taxaChikungunya,3,2600302
2020,taxaChikungunya,7,2600401
2020,taxaChikungunya,5,2600500
2020,taxaChikungunya,1,2600609
2020,taxaChikungunya,2,2600708
2020,taxaChikungunya,6,2600807
2020,taxaChikungunya,96,2600906
2020,taxaChikungunya,1,2601052
2020,taxaChikungunya,71,2601102
2020,taxaChikungunya,32,2601201
2020,taxaChikungunya,1,2601300
2020,taxaChikungunya,2,2601508
2020,taxaChikungunya,2,2601607
2020,taxaChikungunya,3,2601805
2020,taxaChikungunya,8,2601904
2020,taxaChikungunya,15,2602001
2020,taxaChikungunya,2,2602209
2020,taxaChikungunya,3,2602308
2020,taxaChikungunya,6,2602605
2020,taxaChikungunya,1,2602704
2020,taxaChikungunya,9,2602803
2020,taxaChikungunya,817,2602902
2020,taxaChikungunya,21,2603009
2020,taxaChikungunya,1,2603108
2020,taxaChikungunya,4,2603207
2020,taxaChikungunya,221,2603454
2020,taxaChikungunya,4,2603702
2020,taxaChikungunya,1,2603900
2020,taxaChikungunya,8,2603926
2020,taxaChikungunya,1,2604007
2020,taxaChikungunya,100,2604106
2020,taxaChikungunya,5,2604155
2020,taxaChikungunya,4,2604205
2020,taxaChikungunya,1,2604304
2020,taxaChikungunya,1,2604403
2020,taxaChikungunya,1,2604502
2020,taxaChikungunya,1,2604601
2020,taxaChikungunya,1,2604809
2020,taxaChikungunya,20,2605004
2020,taxaChikungunya,186,2605103
2020,taxaChikungunya,4,2605152
2020,taxaChikungunya,43,2605202
2020,taxaChikungunya,117,2605301
2020,taxaChikungunya,4,2605400
2020,taxaChikungunya,2,2605459
2020,taxaChikungunya,5,2605905
2020,taxaChikungunya,68,2606002
2020,taxaChikungunya,2,2606101
2020,taxaChikungunya,9,2606200
2020,taxaChikungunya,56,2606408
2020,taxaChikungunya,6,2606507
2020,taxaChikungunya,23,2606606
2020,taxaChikungunya,2,2606705
2020,taxaChikungunya,20,2606804
2020,taxaChikungunya,2,2606903
2020,taxaChikungunya,766,2607208
2020,taxaChikungunya,11,2607307
2020,taxaChikungunya,1,2607406
2020,taxaChikungunya,2,2607505
2020,taxaChikungunya,1,2607604
2020,taxaChikungunya,2,2607752
2020,taxaChikungunya,1,2607802
2020,taxaChikungunya,475,2607901
2020,taxaChikungunya,1,2607950
2020,taxaChikungunya,3,2608008
2020,taxaChikungunya,107,2608107
2020,taxaChikungunya,4,2608206
2020,taxaChikungunya,2,2608255
2020,taxaChikungunya,1,2608305
2020,taxaChikungunya,2,2608404
2020,taxaChikungunya,2,2608602
2020,taxaChikungunya,107,2608750
2020,taxaChikungunya,8,2608800
2020,taxaChikungunya,8,2608909
2020,taxaChikungunya,1,2609006
2020,taxaChikungunya,9,2609105
2020,taxaChikungunya,6,2609154
2020,taxaChikungunya,4,2609204
2020,taxaChikungunya,9,2609303
2020,taxaChikungunya,128,2609402
2020,taxaChikungunya,363,2609600
2020,taxaChikungunya,4,2609709
2020,taxaChikungunya,2,2609808
2020,taxaChikungunya,1,2609907
2020,taxaChikungunya,48,2610004
2020,taxaChikungunya,7,2610202
2020,taxaChikungunya,5,2610400
2020,taxaChikungunya,42,2610509
2020,taxaChikungunya,4,2610608
2020,taxaChikungunya,261,2610707
2020,taxaChikungunya,38,2610806
2020,taxaChikungunya,4,2610905
2020,taxaChikungunya,3,2611002
2020,taxaChikungunya,497,2611101
2020,taxaChikungunya,4,2611408
2020,taxaChikungunya,155,2611507
2020,taxaChikungunya,2830,2611606
2020,taxaChikungunya,1,2611705
2020,taxaChikungunya,7,2611804
2020,taxaChikungunya,11,2611903
2020,taxaChikungunya,1,2612000
2020,taxaChikungunya,3,2612109
2020,taxaChikungunya,43,2612208
2020,taxaChikungunya,1,2612406
2020,taxaChikungunya,2,2612455
2020,taxaChikungunya,228,2612505
2020,taxaChikungunya,3,2612604
2020,taxaChikungunya,3,2612703
2020,taxaChikungunya,1,2612901
2020,taxaChikungunya,1,2613008
2020,taxaChikungunya,1,2613107
2020,taxaChikungunya,13,2613206
2020,taxaChikungunya,2,2613305
2020,taxaChikungunya,3,2613404
2020,taxaChikungunya,1,2613503
2020,taxaChikungunya,3,2613602
2020,taxaChikungunya,40,2613701
2020,taxaChikungunya,2,2613800
2020,taxaChikungunya,4,2613909
2020,taxaChikungunya,4,2614006
2020,taxaChikungunya,25,2614105
2020,taxaChikungunya,6,2614204
2020,taxaChikungunya,5,2614501
2020,taxaChikungunya,1,2614600
2020,taxaChikungunya,3,2614808
2020,taxaChikungunya,3,2615003
2020,taxaChikungunya,34,2615201
2020,taxaChikungunya,10,2615300
2020,taxaChikungunya,5,2615409
2020,taxaChikungunya,1,2615508
2020,taxaChikungunya,2,2615607
2020,taxaChikungunya,1,2615706
2020,taxaChikungunya,15,2615805
2020,taxaChikungunya,3,2616100
2020,taxaChikungunya,2,2616183
2020,taxaChikungunya,2,2616209
2020,taxaChikungunya,2,2616308
2020,taxaChikungunya,27,2616407
2020,taxaChikungunya,4,2616506
2021,taxaChikungunya,222,2600054
2021,taxaChikungunya,6,2600104
2021,taxaChikungunya,3,2600203
2021,taxaChikungunya,2,2600302
2021,taxaChikungunya,26,2600401
2021,taxaChikungunya,1,2600500
2021,taxaChikungunya,1,2600609
2021,taxaChikungunya,9,2600708
2021,taxaChikungunya,2,2600807
2021,taxaChikungunya,701,2600906
2021,taxaChikungunya,1,2601003
2021,taxaChikungunya,64,2601052
2021,taxaChikungunya,9,2601102
2021,taxaChikungunya,68,2601201
2021,taxaChikungunya,9,2601300
2021,taxaChikungunya,674,2601409
2021,taxaChikungunya,2,2601607
2021,taxaChikungunya,7,2601706
2021,taxaChikungunya,7,2601805
2021,taxaChikungunya,6,2601904
2021,taxaChikungunya,1,2602100
2021,taxaChikungunya,98,2602209
2021,taxaChikungunya,22,2602308
2021,taxaChikungunya,7,2602506
2021,taxaChikungunya,10,2602605
2021,taxaChikungunya,19,2602704
2021,taxaChikungunya,19,2602803
2021,taxaChikungunya,1960,2602902
2021,taxaChikungunya,55,2603009
2021,taxaChikungunya,3,2603108
2021,taxaChikungunya,1,2603405
2021,taxaChikungunya,1144,2603454
2021,taxaChikungunya,1,2603504
2021,taxaChikungunya,4,2603603
2021,taxaChikungunya,66,2603702
2021,taxaChikungunya,3,2603900
2021,taxaChikungunya,3,2603926
2021,taxaChikungunya,359,2604007
2021,taxaChikungunya,389,2604106
2021,taxaChikungunya,11,2604205
2021,taxaChikungunya,38,2604403
2021,taxaChikungunya,5,2604502
2021,taxaChikungunya,13,2604601
2021,taxaChikungunya,1,2604809
2021,taxaChikungunya,2,2604908
2021,taxaChikungunya,58,2605004
2021,taxaChikungunya,57,2605103
2021,taxaChikungunya,24,2605152
2021,taxaChikungunya,436,2605202
2021,taxaChikungunya,57,2605301
2021,taxaChikungunya,57,2605400
2021,taxaChikungunya,377,2605459
2021,taxaChikungunya,6,2605509
2021,taxaChikungunya,1,2605608
2021,taxaChikungunya,8,2605707
2021,taxaChikungunya,17,2605806
2021,taxaChikungunya,215,2605905
2021,taxaChikungunya,22,2606002
2021,taxaChikungunya,15,2606101
2021,taxaChikungunya,678,2606200
2021,taxaChikungunya,699,2606408
2021,taxaChikungunya,2,2606507
2021,taxaChikungunya,6,2606606
2021,taxaChikungunya,270,2606804
2021,taxaChikungunya,2,2606903
2021,taxaChikungunya,7,2607000
2021,taxaChikungunya,1889,2607208
2021,taxaChikungunya,1,2607406
2021,taxaChikungunya,340,2607604
2021,taxaChikungunya,21,2607653
2021,taxaChikungunya,1,2607703
2021,taxaChikungunya,14,2607752
2021,taxaChikungunya,22,2607802
2021,taxaChikungunya,1586,2607901
2021,taxaChikungunya,1,2607950
2021,taxaChikungunya,42,2608008
2021,taxaChikungunya,4,2608057
2021,taxaChikungunya,106,2608107
2021,taxaChikungunya,4,2608206
2021,taxaChikungunya,2,2608305
2021,taxaChikungunya,4,2608404
2021,taxaChikungunya,224,2608453
2021,taxaChikungunya,21,2608503
2021,taxaChikungunya,5,2608701
2021,taxaChikungunya,3,2608800
2021,taxaChikungunya,205,2608909
2021,taxaChikungunya,23,2609006
2021,taxaChikungunya,1,2609105
2021,taxaChikungunya,27,2609154
2021,taxaChikungunya,2,2609204
2021,taxaChikungunya,64,2609303
2021,taxaChikungunya,178,2609402
2021,taxaChikungunya,17,2609501
2021,taxaChikungunya,1362,2609600
2021,taxaChikungunya,126,2609709
2021,taxaChikungunya,2,2609808
2021,taxaChikungunya,4,2609907
2021,taxaChikungunya,64,2610004
2021,taxaChikungunya,13,2610202
2021,taxaChikungunya,6,2610400
2021,taxaChikungunya,103,2610509
2021,taxaChikungunya,1484,2610608
2021,taxaChikungunya,1591,2610707
2021,taxaChikungunya,13,2610806
2021,taxaChikungunya,2,2610905
2021,taxaChikungunya,9,2611002
2021,taxaChikungunya,151,2611101
2021,taxaChikungunya,5,2611309
2021,taxaChikungunya,89,2611408
2021,taxaChikungunya,1,2611507
2021,taxaChikungunya,14391,2611606
2021,taxaChikungunya,5,2611705
2021,taxaChikungunya,35,2611804
2021,taxaChikungunya,118,2611903
2021,taxaChikungunya,5,2612000
2021,taxaChikungunya,6,2612109
2021,taxaChikungunya,9,2612208
2021,taxaChikungunya,5,2612406
2021,taxaChikungunya,1,2612455
2021,taxaChikungunya,1,2612471
2021,taxaChikungunya,522,2612505
2021,taxaChikungunya,3,2612703
2021,taxaChikungunya,5,2612901
2021,taxaChikungunya,8,2613008
2021,taxaChikungunya,5,2613305
2021,taxaChikungunya,64,2613404
2021,taxaChikungunya,12,2613503
2021,taxaChikungunya,2,2613602
2021,taxaChikungunya,144,2613701
2021,taxaChikungunya,546,2613800
2021,taxaChikungunya,14,2613909
2021,taxaChikungunya,4,2614006
2021,taxaChikungunya,9,2614105
2021,taxaChikungunya,213,2614204
2021,taxaChikungunya,5,2614501
2021,taxaChikungunya,6,2614600
2021,taxaChikungunya,1,2614709
2021,taxaChikungunya,85,2614857
2021,taxaChikungunya,3,2615003
2021,taxaChikungunya,3,2615201
2021,taxaChikungunya,380,2615300
2021,taxaChikungunya,2,2615409
2021,taxaChikungunya,14,2615508
2021,taxaChikungunya,2,2615607
2021,taxaChikungunya,2,2615706
2021,taxaChikungunya,9,2615805
2021,taxaChikungunya,1,2615904
2021,taxaChikungunya,5,2616001
2021,taxaChikungunya,1,2616100
2021,taxaChikungunya,2,2616183
2021,taxaChikungunya,316,2616308
2021,taxaChikungunya,615,2616407
2021,taxaChikungunya,9,2616506
2022,taxaChikungunya,56,2600054
2022,taxaChikungunya,27,2600104
2022,taxaChikungunya,186,2600203
2022,taxaChikungunya,37,2600302
2022,taxaChikungunya,3,2600401
2022,taxaChikungunya,2,2600500
2022,taxaChikungunya,4,2600609
2022,taxaChikungunya,23,2600708
2022,taxaChikungunya,23,2600807
2022,taxaChikungunya,95,2600906
2022,taxaChikungunya,11,2601003
2022,taxaChikungunya,31,2601052
2022,taxaChikungunya,336,2601102
2022,taxaChikungunya,467,2601201
2022,taxaChikungunya,16,2601300
2022,taxaChikungunya,94,2601409
2022,taxaChikungunya,520,2601607
2022,taxaChikungunya,4,2601706
2022,taxaChikungunya,37,2601805
2022,taxaChikungunya,116,2601904
2022,taxaChikungunya,716,2602001
2022,taxaChikungunya,1,2602100
2022,taxaChikungunya,37,2602209
2022,taxaChikungunya,28,2602308
2022,taxaChikungunya,3,2602407
2022,taxaChikungunya,2,2602506
2022,taxaChikungunya,196,2602605
2022,taxaChikungunya,26,2602704
2022,taxaChikungunya,215,2602803
2022,taxaChikungunya,323,2602902
2022,taxaChikungunya,164,2603009
2022,taxaChikungunya,12,2603108
2022,taxaChikungunya,1,2603306
2022,taxaChikungunya,17,2603405
2022,taxaChikungunya,56,2603454
2022,taxaChikungunya,10,2603504
2022,taxaChikungunya,11,2603603
2022,taxaChikungunya,212,2603702
2022,taxaChikungunya,1,2603801
2022,taxaChikungunya,586,2603900
2022,taxaChikungunya,145,2603926
2022,taxaChikungunya,180,2604007
2022,taxaChikungunya,4107,2604106
2022,taxaChikungunya,1,2604155
2022,taxaChikungunya,6,2604205
2022,taxaChikungunya,1002,2604304
2022,taxaChikungunya,46,2604502
2022,taxaChikungunya,28,2604601
2022,taxaChikungunya,2,2604700
2022,taxaChikungunya,12,2604809
2022,taxaChikungunya,3,2604908
2022,taxaChikungunya,92,2605004
2022,taxaChikungunya,222,2605103
2022,taxaChikungunya,1120,2605152
2022,taxaChikungunya,15,2605202
2022,taxaChikungunya,198,2605301
2022,taxaChikungunya,21,2605400
2022,taxaChikungunya,127,2605459
2022,taxaChikungunya,45,2605509
2022,taxaChikungunya,25,2605608
2022,taxaChikungunya,175,2605707
2022,taxaChikungunya,2,2605806
2022,taxaChikungunya,65,2605905
2022,taxaChikungunya,52,2606002
2022,taxaChikungunya,13,2606101
2022,taxaChikungunya,92,2606200
2022,taxaChikungunya,244,2606309
2022,taxaChikungunya,1637,2606408
2022,taxaChikungunya,1,2606507
2022,taxaChikungunya,43,2606606
2022,taxaChikungunya,2,2606705
2022,taxaChikungunya,41,2606804
2022,taxaChikungunya,41,2606903
2022,taxaChikungunya,73,2607000
2022,taxaChikungunya,117,2607109
2022,taxaChikungunya,663,2607208
2022,taxaChikungunya,37,2607307
2022,taxaChikungunya,57,2607406
2022,taxaChikungunya,35,2607604
2022,taxaChikungunya,10,2607653
2022,taxaChikungunya,8,2607703
2022,taxaChikungunya,4,2607752
2022,taxaChikungunya,5,2607802
2022,taxaChikungunya,780,2607901
2022,taxaChikungunya,66,2607950
2022,taxaChikungunya,64,2608008
2022,taxaChikungunya,30,2608057
2022,taxaChikungunya,20,2608107
2022,taxaChikungunya,1,2608206
2022,taxaChikungunya,16,2608255
2022,taxaChikungunya,42,2608404
2022,taxaChikungunya,6,2608453
2022,taxaChikungunya,4,2608503
2022,taxaChikungunya,15,2608602
2022,taxaChikungunya,2,2608701
2022,taxaChikungunya,174,2608750
2022,taxaChikungunya,241,2608800
2022,taxaChikungunya,55,2608909
2022,taxaChikungunya,43,2609006
2022,taxaChikungunya,148,2609105
2022,taxaChikungunya,11,2609154
2022,taxaChikungunya,6,2609204
2022,taxaChikungunya,594,2609303
2022,taxaChikungunya,141,2609402
2022,taxaChikungunya,372,2609501
2022,taxaChikungunya,256,2609600
2022,taxaChikungunya,117,2609709
2022,taxaChikungunya,27,2609808
2022,taxaChikungunya,186,2609907
2022,taxaChikungunya,60,2610004
2022,taxaChikungunya,7,2610202
2022,taxaChikungunya,322,2610400
2022,taxaChikungunya,14,2610509
2022,taxaChikungunya,247,2610608
2022,taxaChikungunya,776,2610707
2022,taxaChikungunya,41,2610806
2022,taxaChikungunya,30,2610905
2022,taxaChikungunya,2,2611002
2022,taxaChikungunya,3479,2611101
2022,taxaChikungunya,3,2611200
2022,taxaChikungunya,8,2611309
2022,taxaChikungunya,1,2611408
2022,taxaChikungunya,603,2611507
2022,taxaChikungunya,69,2611533
2022,taxaChikungunya,1820,2611606
2022,taxaChikungunya,46,2611705
2022,taxaChikungunya,2,2611804
2022,taxaChikungunya,26,2611903
2022,taxaChikungunya,3,2612000
2022,taxaChikungunya,7,2612109
2022,taxaChikungunya,3780,2612208
2022,taxaChikungunya,32,2612406
2022,taxaChikungunya,296,2612455
2022,taxaChikungunya,27,2612471
2022,taxaChikungunya,678,2612505
2022,taxaChikungunya,181,2612554
2022,taxaChikungunya,100,2612604
2022,taxaChikungunya,2,2612703
2022,taxaChikungunya,3,2612802
2022,taxaChikungunya,64,2612901
2022,taxaChikungunya,26,2613008
2022,taxaChikungunya,29,2613107
2022,taxaChikungunya,13,2613206
2022,taxaChikungunya,7,2613305
2022,taxaChikungunya,75,2613404
2022,taxaChikungunya,218,2613503
2022,taxaChikungunya,11,2613602
2022,taxaChikungunya,20,2613701
2022,taxaChikungunya,204,2613800
2022,taxaChikungunya,392,2613909
2022,taxaChikungunya,707,2614006
2022,taxaChikungunya,25,2614105
2022,taxaChikungunya,8,2614204
2022,taxaChikungunya,216,2614303
2022,taxaChikungunya,3,2614402
2022,taxaChikungunya,3,2614501
2022,taxaChikungunya,4,2614600
2022,taxaChikungunya,2,2614808
2022,taxaChikungunya,19,2614857
2022,taxaChikungunya,8,2615003
2022,taxaChikungunya,2,2615102
2022,taxaChikungunya,274,2615201
2022,taxaChikungunya,502,2615300
2022,taxaChikungunya,2,2615409
2022,taxaChikungunya,51,2615508
2022,taxaChikungunya,116,2615607
2022,taxaChikungunya,44,2615706
2022,taxaChikungunya,8,2615805
2022,taxaChikungunya,4,2615904
2022,taxaChikungunya,8,2616001
2022,taxaChikungunya,771,2616100
2022,taxaChikungunya,2,2616209
2022,taxaChikungunya,37,2616308
2022,taxaChikungunya,58,2616407
2022,taxaChikungunya,4,2616506
2023,taxaChikungunya,53,2600054
2023,taxaChikungunya,4,2600104
2023,taxaChikungunya,1,2600203
2023,taxaChikungunya,4,2600302
2023,taxaChikungunya,1,2600401
2023,taxaChikungunya,2,2600500
2023,taxaChikungunya,1,2600609
2023,taxaChikungunya,21,2600708
2023,taxaChikungunya,4,2600807
2023,taxaChikungunya,12,2600906
2023,taxaChikungunya,17,2601052
2023,taxaChikungunya,90,2601102
2023,taxaChikungunya,112,2601201
2023,taxaChikungunya,2,2601300
2023,taxaChikungunya,9,2601409
2023,taxaChikungunya,12,2601607
2023,taxaChikungunya,5,2601706
2023,taxaChikungunya,3,2601805
2023,taxaChikungunya,8,2601904
2023,taxaChikungunya,2,2602100
2023,taxaChikungunya,10,2602209
2023,taxaChikungunya,4,2602308
2023,taxaChikungunya,1,2602506
2023,taxaChikungunya,36,2602605
2023,taxaChikungunya,363,2602803
2023,taxaChikungunya,191,2602902
2023,taxaChikungunya,8,2603009
2023,taxaChikungunya,2,2603108
2023,taxaChikungunya,1,2603207
2023,taxaChikungunya,1,2603405
2023,taxaChikungunya,64,2603454
2023,taxaChikungunya,3,2603504
2023,taxaChikungunya,2,2603603
2023,taxaChikungunya,1,2603702
2023,taxaChikungunya,4,2603900
2023,taxaChikungunya,5,2603926
2023,taxaChikungunya,11,2604007
2023,taxaChikungunya,361,2604106
2023,taxaChikungunya,31,2604304
2023,taxaChikungunya,2,2604403
2023,taxaChikungunya,7,2604502
2023,taxaChikungunya,6,2604601
2023,taxaChikungunya,1,2604809
2023,taxaChikungunya,74,2605004
2023,taxaChikungunya,148,2605103
2023,taxaChikungunya,50,2605152
2023,taxaChikungunya,9,2605202
2023,taxaChikungunya,14,2605301
2023,taxaChikungunya,43,2605459
2023,taxaChikungunya,7,2605509
2023,taxaChikungunya,3,2605608
2023,taxaChikungunya,7,2605707
2023,taxaChikungunya,48,2605905
2023,taxaChikungunya,45,2606002
2023,taxaChikungunya,64,2606200
2023,taxaChikungunya,61,2606309
2023,taxaChikungunya,409,2606408
2023,taxaChikungunya,3,2606606
2023,taxaChikungunya,34,2606804
2023,taxaChikungunya,5,2606903
2023,taxaChikungunya,14,2607000
2023,taxaChikungunya,1,2607109
2023,taxaChikungunya,235,2607208
2023,taxaChikungunya,10,2607307
2023,taxaChikungunya,18,2607406
2023,taxaChikungunya,5,2607505
2023,taxaChikungunya,21,2607604
2023,taxaChikungunya,1,2607653
2023,taxaChikungunya,1,2607703
2023,taxaChikungunya,6,2607752
2023,taxaChikungunya,111,2607802
2023,taxaChikungunya,354,2607901
2023,taxaChikungunya,77,2608008
2023,taxaChikungunya,1,2608206
2023,taxaChikungunya,1,2608255
2023,taxaChikungunya,7,2608404
2023,taxaChikungunya,2,2608453
2023,taxaChikungunya,2,2608503
2023,taxaChikungunya,2,2608602
2023,taxaChikungunya,12,2608750
2023,taxaChikungunya,6,2608800
2023,taxaChikungunya,40,2608909
2023,taxaChikungunya,59,2609006
2023,taxaChikungunya,8,2609154
2023,taxaChikungunya,3,2609204
2023,taxaChikungunya,15,2609303
2023,taxaChikungunya,20,2609402
2023,taxaChikungunya,5,2609501
2023,taxaChikungunya,262,2609600
2023,taxaChikungunya,1,2609709
2023,taxaChikungunya,15,2609808
2023,taxaChikungunya,22,2609907
2023,taxaChikungunya,11,2610004
2023,taxaChikungunya,18,2610400
2023,taxaChikungunya,2,2610509
2023,taxaChikungunya,26,2610608
2023,taxaChikungunya,855,2610707
2023,taxaChikungunya,6,2610806
2023,taxaChikungunya,4,2610905
2023,taxaChikungunya,1,2611002
2023,taxaChikungunya,145,2611101
2023,taxaChikungunya,68,2611507
2023,taxaChikungunya,3,2611533
2023,taxaChikungunya,1504,2611606
2023,taxaChikungunya,12,2611705
2023,taxaChikungunya,6,2611804
2023,taxaChikungunya,6,2611903
2023,taxaChikungunya,1,2612109
2023,taxaChikungunya,50,2612208
2023,taxaChikungunya,12,2612406
2023,taxaChikungunya,6,2612455
2023,taxaChikungunya,1,2612471
2023,taxaChikungunya,317,2612505
2023,taxaChikungunya,5,2612554
2023,taxaChikungunya,7,2612604
2023,taxaChikungunya,9,2613008
2023,taxaChikungunya,8,2613107
2023,taxaChikungunya,9,2613206
2023,taxaChikungunya,2,2613305
2023,taxaChikungunya,3,2613404
2023,taxaChikungunya,30,2613503
2023,taxaChikungunya,1,2613602
2023,taxaChikungunya,24,2613701
2023,taxaChikungunya,86,2613800
2023,taxaChikungunya,23,2613909
2023,taxaChikungunya,12,2614006
2023,taxaChikungunya,6,2614105
2023,taxaChikungunya,2,2614204
2023,taxaChikungunya,15,2614303
2023,taxaChikungunya,2,2614402
2023,taxaChikungunya,2,2614501
2023,taxaChikungunya,3,2614600
2023,taxaChikungunya,7,2614709
2023,taxaChikungunya,1,2614808
2023,taxaChikungunya,2,2614857
2023,taxaChikungunya,2,2615003
2023,taxaChikungunya,2,2615102
2023,taxaChikungunya,59,2615201
2023,taxaChikungunya,116,2615300
2023,taxaChikungunya,1,2615409
2023,taxaChikungunya,14,2615508
2023,taxaChikungunya,11,2615607
2023,taxaChikungunya,7,2615805
2023,taxaChikungunya,1,2615904
2023,taxaChikungunya,3,2616001
2023,taxaChikungunya,5,2616100
2023,taxaChikungunya,2,2616183
2023,taxaChikungunya,4,2616209
2023,taxaChikungunya,3,2616308
2023,taxaChikungunya,38,2616407
2024,taxaChikungunya,93,2600054
2024,taxaChikungunya,7,2600104
2024,taxaChikungunya,19,2600203
2024,taxaChikungunya,29,2600302
2024,taxaChikungunya,7,2600401
2024,taxaChikungunya,1,2600500
2024,taxaChikungunya,9,2600609
2024,taxaChikungunya,178,2600708
2024,taxaChikungunya,3,2600807
2024,taxaChikungunya,80,2600906
2024,taxaChikungunya,7,2601052
2024,taxaChikungunya,329,2601102
2024,taxaChikungunya,7,2601201
2024,taxaChikungunya,36,2601300
2024,taxaChikungunya,18,2601409
2024,taxaChikungunya,8,2601508
2024,taxaChikungunya,180,2601607
2024,taxaChikungunya,3,2601706
2024,taxaChikungunya,96,2601904
2024,taxaChikungunya,2,2602001
2024,taxaChikungunya,3,2602100
2024,taxaChikungunya,12,2602209
2024,taxaChikungunya,9,2602308
2024,taxaChikungunya,1,2602506
2024,taxaChikungunya,27,2602605
2024,taxaChikungunya,54,2602803
2024,taxaChikungunya,395,2602902
2024,taxaChikungunya,73,2603009
2024,taxaChikungunya,19,2603108
2024,taxaChikungunya,3,2603306
2024,taxaChikungunya,1,2603405
2024,taxaChikungunya,117,2603454
2024,taxaChikungunya,3,2603504
2024,taxaChikungunya,47,2603603
2024,taxaChikungunya,19,2603702
2024,taxaChikungunya,1,2603801
2024,taxaChikungunya,4,2603900
2024,taxaChikungunya,5,2603926
2024,taxaChikungunya,11,2604007
2024,taxaChikungunya,1284,2604106
2024,taxaChikungunya,2,2604155
2024,taxaChikungunya,15,2604205
2024,taxaChikungunya,20,2604304
2024,taxaChikungunya,70,2604403
2024,taxaChikungunya,7,2604502
2024,taxaChikungunya,258,2604601
2024,taxaChikungunya,1,2604700
2024,taxaChikungunya,1,2604809
2024,taxaChikungunya,6,2604908
2024,taxaChikungunya,13,2605004
2024,taxaChikungunya,26,2605103
2024,taxaChikungunya,21,2605152
2024,taxaChikungunya,10,2605202
2024,taxaChikungunya,36,2605301
2024,taxaChikungunya,4,2605400
2024,taxaChikungunya,16,2605459
2024,taxaChikungunya,77,2605509
2024,taxaChikungunya,3,2605608
2024,taxaChikungunya,10,2605707
2024,taxaChikungunya,3,2605806
2024,taxaChikungunya,443,2605905
2024,taxaChikungunya,310,2606002
2024,taxaChikungunya,4,2606101
2024,taxaChikungunya,601,2606200
2024,taxaChikungunya,39,2606309
2024,taxaChikungunya,516,2606408
2024,taxaChikungunya,5,2606507
2024,taxaChikungunya,58,2606804
2024,taxaChikungunya,3,2606903
2024,taxaChikungunya,11,2607000
2024,taxaChikungunya,530,2607208
2024,taxaChikungunya,3,2607307
2024,taxaChikungunya,22,2607406
2024,taxaChikungunya,30,2607604
2024,taxaChikungunya,22,2607653
2024,taxaChikungunya,2,2607703
2024,taxaChikungunya,9,2607752
2024,taxaChikungunya,337,2607802
2024,taxaChikungunya,279,2607901
2024,taxaChikungunya,3,2607950
2024,taxaChikungunya,52,2608008
2024,taxaChikungunya,15,2608057
2024,taxaChikungunya,15,2608107
2024,taxaChikungunya,16,2608206
2024,taxaChikungunya,9,2608255
2024,taxaChikungunya,2,2608305
2024,taxaChikungunya,17,2608404
2024,taxaChikungunya,1,2608503
2024,taxaChikungunya,22,2608602
2024,taxaChikungunya,2,2608701
2024,taxaChikungunya,41,2608750
2024,taxaChikungunya,8,2608800
2024,taxaChikungunya,87,2608909
2024,taxaChikungunya,94,2609006
2024,taxaChikungunya,26,2609105
2024,taxaChikungunya,4,2609154
2024,taxaChikungunya,2,2609204
2024,taxaChikungunya,132,2609303
2024,taxaChikungunya,191,2609402
2024,taxaChikungunya,9,2609501
2024,taxaChikungunya,251,2609600
2024,taxaChikungunya,6,2609709
2024,taxaChikungunya,6,2609808
2024,taxaChikungunya,21,2609907
2024,taxaChikungunya,57,2610004
2024,taxaChikungunya,9,2610202
2024,taxaChikungunya,1,2610301
2024,taxaChikungunya,200,2610400
2024,taxaChikungunya,31,2610509
2024,taxaChikungunya,28,2610608
2024,taxaChikungunya,1134,2610707
2024,taxaChikungunya,16,2610806
2024,taxaChikungunya,10,2610905
2024,taxaChikungunya,3,2611002
2024,taxaChikungunya,310,2611101
2024,taxaChikungunya,5,2611309
2024,taxaChikungunya,2,2611408
2024,taxaChikungunya,236,2611507
2024,taxaChikungunya,1,2611533
2024,taxaChikungunya,2490,2611606
2024,taxaChikungunya,19,2611705
2024,taxaChikungunya,4,2611804
2024,taxaChikungunya,250,2611903
2024,taxaChikungunya,1,2612000
2024,taxaChikungunya,5,2612109
2024,taxaChikungunya,423,2612208
2024,taxaChikungunya,3,2612307
2024,taxaChikungunya,15,2612406
2024,taxaChikungunya,12,2612455
2024,taxaChikungunya,161,2612505
2024,taxaChikungunya,9,2612554
2024,taxaChikungunya,6,2612604
2024,taxaChikungunya,1,2612703
2024,taxaChikungunya,1,2612802
2024,taxaChikungunya,26,2612901
2024,taxaChikungunya,34,2613008
2024,taxaChikungunya,88,2613107
2024,taxaChikungunya,83,2613206
2024,taxaChikungunya,9,2613305
2024,taxaChikungunya,16,2613404
2024,taxaChikungunya,8,2613503
2024,taxaChikungunya,1,2613602
2024,taxaChikungunya,72,2613701
2024,taxaChikungunya,322,2613800
2024,taxaChikungunya,21,2613909
2024,taxaChikungunya,161,2614006
2024,taxaChikungunya,10,2614105
2024,taxaChikungunya,44,2614204
2024,taxaChikungunya,5,2614303
2024,taxaChikungunya,3,2614501
2024,taxaChikungunya,8,2614600
2024,taxaChikungunya,8,2614808
2024,taxaChikungunya,4,2614857
2024,taxaChikungunya,4,2615003
2024,taxaChikungunya,2,2615102
2024,taxaChikungunya,267,2615201
2024,taxaChikungunya,665,2615300
2024,taxaChikungunya,5,2615409
2024,taxaChikungunya,2,2615607
2024,taxaChikungunya,2,2615706
2024,taxaChikungunya,7,2615805
2024,taxaChikungunya,1,2615904
2024,taxaChikungunya,1,2616001
2024,taxaChikungunya,19,2616100
2024,taxaChikungunya,4,2616308
2024,taxaChikungunya,83,2616407
2024,taxaChikungunya,3,2616506
